month,GPR,GPRT,GPRA,GPRH,GPRHT,GPRHA
1900-01,,,,87.92784881591797,64.71749114990234,110.45352172851562
1900-02,,,,86.56649017333984,71.93684387207031,96.25048828125
1900-03,,,,72.14070129394531,57.475852966308594,84.49942779541016
1900-04,,,,54.41944885253906,37.326602935791016,65.85820770263672
1900-05,,,,64.40519714355469,48.200008392333984,74.37395477294922
1900-06,,,,83.6102523803711,70.00657653808594,93.97769165039062
1900-07,,,,108.57112121582031,87.0623779296875,125.7090835571289
1900-08,,,,108.50281524658203,63.841644287109375,149.760986328125
1900-09,,,,62.81330108642578,54.69841384887695,67.58177947998047
1900-10,,,,43.3669319152832,31.717626571655273,51.4328498840332
1900-11,,,,47.34355926513672,38.18849563598633,50.53418731689453
1900-12,,,,49.31974792480469,49.92506790161133,42.579345703125
1901-01,,,,42.479026794433594,40.79124450683594,41.743263244628906
1901-02,,,,50.14393997192383,39.05789566040039,55.65812683105469
1901-03,,,,47.93758010864258,53.77335739135742,45.106990814208984
1901-04,,,,37.94577407836914,33.65754318237305,38.06138229370117
1901-05,,,,37.379661560058594,29.300127029418945,41.73809814453125
1901-06,,,,31.65671157836914,19.228235244750977,38.675479888916016
1901-07,,,,37.257781982421875,24.342727661132812,45.388187408447266
1901-08,,,,58.15801239013672,46.718387603759766,67.25057220458984
1901-09,,,,41.08998107910156,35.2241096496582,48.475914001464844
1901-10,,,,36.3206672668457,25.903764724731445,43.81871795654297
1901-11,,,,45.11560821533203,41.07722473144531,48.156089782714844
1901-12,,,,51.43546676635742,56.6667594909668,45.058345794677734
1902-01,,,,36.96080017089844,26.963851928710938,46.2222900390625
1902-02,,,,45.69105529785156,31.641098022460938,55.15690231323242
1902-03,,,,38.85895538330078,29.575698852539062,45.22499465942383
1902-04,,,,43.80052185058594,39.786705017089844,46.3311767578125
1902-05,,,,38.256004333496094,29.089599609375,44.03687286376953
1902-06,,,,38.82642364501953,30.539949417114258,42.35531997680664
1902-07,,,,40.57379913330078,32.3120002746582,45.11269760131836
1902-08,,,,55.660911560058594,41.892581939697266,63.841922760009766
1902-09,,,,51.42823791503906,37.77252960205078,63.07281494140625
1902-10,,,,52.151634216308594,45.96461486816406,56.44483947753906
1902-11,,,,26.343225479125977,23.350664138793945,28.118574142456055
1902-12,,,,53.20724868774414,70.24271392822266,37.593505859375
1903-01,,,,52.41050338745117,75.11346435546875,29.052322387695312
1903-02,,,,55.73627471923828,74.69735717773438,39.37004470825195
1903-03,,,,31.134950637817383,38.664405822753906,20.53738784790039
1903-04,,,,33.48476028442383,27.052932739257812,38.29436111450195
1903-05,,,,40.75469207763672,39.511722564697266,37.56928253173828
1903-06,,,,33.45854949951172,32.81095504760742,32.155765533447266
1903-07,,,,35.46428298950195,33.249176025390625,36.74504470825195
1903-08,,,,63.499298095703125,58.322505950927734,67.38233947753906
1903-09,,,,65.83991241455078,76.59825134277344,62.468509674072266
1903-10,,,,49.20123291015625,62.843719482421875,37.512184143066406
1903-11,,,,67.45408630371094,71.27519226074219,62.6966552734375
1903-12,,,,65.4568862915039,69.57721710205078,61.02947998046875
1904-01,,,,91.97727966308594,109.63148498535156,82.16743469238281
1904-02,,,,140.36837768554688,137.757080078125,149.36862182617188
1904-03,,,,93.33812713623047,77.6784896850586,111.67794036865234
1904-04,,,,59.158538818359375,51.25275802612305,66.42957305908203
1904-05,,,,84.38663482666016,57.189632415771484,109.31275177001953
1904-06,,,,66.13349151611328,52.120513916015625,75.1446533203125
1904-07,,,,72.77484130859375,61.87737274169922,79.61788177490234
1904-08,,,,84.4542007446289,63.68324279785156,105.4736557006836
1904-09,,,,70.81743621826172,56.642513275146484,81.10181427001953
1904-10,,,,61.02932357788086,57.96049880981445,57.60881805419922
1904-11,,,,49.90920639038086,47.030391693115234,50.617401123046875
1904-12,,,,45.96025466918945,41.587955474853516,46.72157669067383
1905-01,,,,64.62164306640625,59.82137680053711,69.71837615966797
1905-02,,,,59.15699768066406,50.183685302734375,65.7747573852539
1905-03,,,,67.75492095947266,67.7284927368164,71.1232681274414
1905-04,,,,41.50507354736328,40.239219665527344,41.17835235595703
1905-05,,,,54.1502571105957,54.598690032958984,51.634315490722656
1905-06,,,,69.75360870361328,69.29598999023438,70.47135162353516
1905-07,,,,60.98286056518555,61.900550842285156,59.7047004699707
1905-08,,,,53.226959228515625,50.3651123046875,54.54152297973633
1905-09,,,,49.39082336425781,59.8555793762207,40.01027297973633
1905-10,,,,41.11686706542969,39.48320770263672,41.10132598876953
1905-11,,,,41.315608978271484,42.163719177246094,42.55262756347656
1905-12,,,,45.711238861083984,45.10847473144531,43.56415557861328
1906-01,,,,36.640533447265625,39.47005081176758,31.86728858947754
1906-02,,,,38.84855270385742,48.544349670410156,31.483957290649414
1906-03,,,,33.214324951171875,31.831199645996094,32.600223541259766
1906-04,,,,31.301488876342773,29.942209243774414,31.18359375
1906-05,,,,40.36772155761719,46.63078689575195,34.378902435302734
1906-06,,,,42.09005355834961,33.34713363647461,47.50306701660156
1906-07,,,,48.36927795410156,44.4685173034668,52.66754913330078
1906-08,,,,50.42543029785156,41.53275680541992,55.57024383544922
1906-09,,,,67.00239562988281,60.288658142089844,69.33651733398438
1906-10,,,,39.79033279418945,32.7318115234375,45.045982360839844
1906-11,,,,31.109947204589844,26.192562103271484,32.76961135864258
1906-12,,,,29.637134552001953,22.986589431762695,33.04044723510742
1907-01,,,,31.904911041259766,27.732004165649414,32.619808197021484
1907-02,,,,43.50050735473633,34.04856872558594,53.24787139892578
1907-03,,,,34.895851135253906,25.13202476501465,43.751136779785156
1907-04,,,,29.97407341003418,26.609066009521484,31.480154037475586
1907-05,,,,31.970109939575195,32.73635482788086,33.86906051635742
1907-06,,,,47.547000885009766,42.707401275634766,52.86597442626953
1907-07,,,,49.25531005859375,44.24182891845703,56.69829177856445
1907-08,,,,40.46546173095703,27.973630905151367,48.200382232666016
1907-09,,,,26.407461166381836,18.938514709472656,32.82064437866211
1907-10,,,,25.982343673706055,24.125551223754883,26.040727615356445
1907-11,,,,22.88751983642578,17.011932373046875,25.787199020385742
1907-12,,,,28.17491912841797,25.266948699951172,28.820642471313477
1908-01,,,,42.24368667602539,47.31044387817383,36.92766571044922
1908-02,,,,25.947519302368164,28.20538330078125,24.478965759277344
1908-03,,,,30.953086853027344,32.737152099609375,26.906850814819336
1908-04,,,,26.942676544189453,33.11107635498047,22.27765464782715
1908-05,,,,24.832048416137695,20.534303665161133,25.98583984375
1908-06,,,,36.41197967529297,29.929500579833984,40.133262634277344
1908-07,,,,36.01042175292969,32.39271545410156,37.644752502441406
1908-08,,,,28.468820571899414,29.015968322753906,25.322851181030273
1908-09,,,,21.812177658081055,14.839953422546387,25.188308715820312
1908-10,,,,44.5191650390625,56.10980224609375,33.65960693359375
1908-11,,,,36.15563201904297,41.765193939208984,30.791704177856445
1908-12,,,,39.65751266479492,36.1411247253418,43.74115753173828
1909-01,,,,25.64866828918457,20.203962326049805,30.656770706176758
1909-02,,,,38.02793884277344,46.29951858520508,32.25234603881836
1909-03,,,,38.112274169921875,37.73606872558594,36.06452178955078
1909-04,,,,34.06084060668945,34.21559524536133,32.852081298828125
1909-05,,,,28.990856170654297,29.585969924926758,27.144420623779297
1909-06,,,,25.535863876342773,21.22032928466797,27.401020050048828
1909-07,,,,32.89564514160156,31.89236831665039,32.82883834838867
1909-08,,,,34.89463424682617,34.19416046142578,37.37979507446289
1909-09,,,,24.736513137817383,19.79473114013672,26.543283462524414
1909-10,,,,27.12741470336914,26.650728225708008,25.738323211669922
1909-11,,,,29.100927352905273,25.16329002380371,29.383092880249023
1909-12,,,,31.947172164916992,27.056718826293945,35.9293212890625
1910-01,,,,28.402252197265625,28.50787925720215,26.749736785888672
1910-02,,,,31.38466453552246,30.794065475463867,30.2708797454834
1910-03,,,,33.822444915771484,36.13691329956055,29.47089385986328
1910-04,,,,25.54547691345215,24.76637077331543,26.064105987548828
1910-05,,,,31.40444564819336,21.89422035217285,37.66392135620117
1910-06,,,,29.732105255126953,29.18117904663086,29.385040283203125
1910-07,,,,34.192501068115234,30.757427215576172,35.11723327636719
1910-08,,,,32.8275146484375,20.253110885620117,44.463462829589844
1910-09,,,,25.606151580810547,15.7978515625,31.749095916748047
1910-10,,,,28.79314613342285,31.404361724853516,24.330768585205078
1910-11,,,,32.57762908935547,23.688037872314453,38.85634231567383
1910-12,,,,36.33582305908203,31.704862594604492,41.37024688720703
1911-01,,,,45.068424224853516,49.1556282043457,40.7144775390625
1911-02,,,,31.0305233001709,30.084129333496094,29.724658966064453
1911-03,,,,78.62703704833984,116.29354095458984,46.191802978515625
1911-04,,,,53.017539978027344,51.050907135009766,55.82061767578125
1911-05,,,,53.114627838134766,42.7913703918457,61.219078063964844
1911-06,,,,26.954326629638672,28.372161865234375,23.29069709777832
1911-07,,,,42.916683197021484,42.99470138549805,40.71908187866211
1911-08,,,,47.5488395690918,47.18760299682617,45.95771408081055
1911-09,,,,72.41173553466797,77.67169952392578,72.63235473632812
1911-10,,,,73.60086822509766,72.4003677368164,83.03201293945312
1911-11,,,,59.91981887817383,64.05052947998047,53.29833221435547
1911-12,,,,48.14202117919922,55.5966682434082,40.93284225463867
1912-01,,,,43.30744934082031,47.5600700378418,40.226226806640625
1912-02,,,,48.680843353271484,56.330875396728516,41.904510498046875
1912-03,,,,43.984458923339844,40.29258728027344,48.05773162841797
1912-04,,,,34.29108810424805,34.391639709472656,34.3582649230957
1912-05,,,,54.04902648925781,37.31557846069336,66.28701782226562
1912-06,,,,39.04309844970703,36.01483917236328,39.11183166503906
1912-07,,,,33.745384216308594,29.524370193481445,37.337379455566406
1912-08,,,,53.78118133544922,44.34031295776367,65.5418930053711
1912-09,,,,51.32735061645508,40.84934616088867,64.73523712158203
1912-10,,,,103.23745727539062,103.43753814697266,120.84574890136719
1912-11,,,,91.97689056396484,101.16118621826172,84.56292724609375
1912-12,,,,47.7298469543457,55.67357635498047,41.12868881225586
1913-01,,,,44.95026397705078,46.53386688232422,44.72674560546875
1913-02,,,,64.22825622558594,59.5952262878418,70.09896850585938
1913-03,,,,46.39574432373047,42.648399353027344,45.242774963378906
1913-04,,,,49.086219787597656,57.39760208129883,41.99542236328125
1913-05,,,,45.788658142089844,41.52814865112305,49.26864242553711
1913-06,,,,26.728918075561523,27.791526794433594,26.187196731567383
1913-07,,,,71.59680938720703,56.34718322753906,86.1619873046875
1913-08,,,,68.47576141357422,71.07350158691406,65.92481231689453
1913-09,,,,41.193199157714844,44.635311126708984,35.20420455932617
1913-10,,,,27.059574127197266,28.48294448852539,24.757028579711914
1913-11,,,,60.411590576171875,65.23265838623047,55.988155364990234
1913-12,,,,44.64571762084961,34.059600830078125,53.383487701416016
1914-01,,,,52.96929931640625,37.0888557434082,62.82118225097656
1914-02,,,,67.7383041381836,82.38191223144531,56.331050872802734
1914-03,,,,60.30073165893555,57.086063385009766,61.20945358276367
1914-04,,,,145.24484252929688,156.38255310058594,151.2678680419922
1914-05,,,,101.2608413696289,104.0284194946289,93.54735565185547
1914-06,,,,71.59599304199219,80.48886108398438,59.61927795410156
1914-07,,,,135.99359130859375,178.01051330566406,114.52757263183594
1914-08,,,,472.3014221191406,432.59661865234375,571.4794921875
1914-09,,,,384.95294189453125,207.29722595214844,560.6354370117188
1914-10,,,,315.9481201171875,149.95790100097656,466.8686218261719
1914-11,,,,302.9434509277344,132.891357421875,458.51446533203125
1914-12,,,,280.0399475097656,115.68536376953125,423.890869140625
1915-01,,,,229.47760009765625,120.83512878417969,316.9387512207031
1915-02,,,,303.4684753417969,201.1577911376953,411.25799560546875
1915-03,,,,254.25970458984375,134.91400146484375,355.53936767578125
1915-04,,,,227.86082458496094,126.23505401611328,316.52435302734375
1915-05,,,,301.5808410644531,161.67059326171875,436.1500549316406
1915-06,,,,316.1856994628906,146.43040466308594,461.3916320800781
1915-07,,,,291.3963928222656,133.161865234375,422.5425109863281
1915-08,,,,313.17083740234375,170.9424285888672,441.63330078125
1915-09,,,,268.7383728027344,153.39613342285156,367.7557067871094
1915-10,,,,274.59576416015625,130.242431640625,396.8697204589844
1915-11,,,,240.10557556152344,133.43304443359375,336.65948486328125
1915-12,,,,214.3123321533203,103.01795196533203,313.56488037109375
1916-01,,,,216.86886596679688,135.7128448486328,288.8953857421875
1916-02,,,,206.70632934570312,122.01469421386719,277.2605285644531
1916-03,,,,245.46484375,147.71078491210938,325.6271057128906
1916-04,,,,232.92276000976562,140.62974548339844,314.4970397949219
1916-05,,,,229.47640991210938,129.9298553466797,311.005126953125
1916-06,,,,318.33349609375,283.8179931640625,356.1202697753906
1916-07,,,,312.4759216308594,205.0932159423828,390.91265869140625
1916-08,,,,307.63909912109375,142.71414184570312,442.0956115722656
1916-09,,,,294.16204833984375,117.89533996582031,437.2350158691406
1916-10,,,,268.88787841796875,104.27484893798828,399.197265625
1916-11,,,,241.3140869140625,97.05355834960938,358.3490905761719
1916-12,,,,249.39083862304688,190.9832000732422,303.4853820800781
1917-01,,,,210.63088989257812,133.5933074951172,280.1569519042969
1917-02,,,,350.2068786621094,314.0216979980469,406.56781005859375
1917-03,,,,331.6864318847656,253.5601348876953,407.62054443359375
1917-04,,,,338.6053771972656,235.9620361328125,434.38482666015625
1917-05,,,,296.0191345214844,170.48228454589844,396.83929443359375
1917-06,,,,266.41851806640625,141.03118896484375,371.45892333984375
1917-07,,,,305.0151062011719,201.6709442138672,389.7403869628906
1917-08,,,,323.6415100097656,170.5276336669922,449.1997985839844
1917-09,,,,287.9421691894531,141.23524475097656,410.3365783691406
1917-10,,,,262.8323669433594,126.68423461914062,381.89776611328125
1917-11,,,,297.8530578613281,140.1215057373047,423.0854797363281
1917-12,,,,292.8008117675781,147.42080688476562,408.2815856933594
1918-01,,,,278.3055725097656,175.71226501464844,359.5225830078125
1918-02,,,,292.1138610839844,185.93858337402344,384.1953430175781
1918-03,,,,331.9317626953125,148.7321014404297,485.8644104003906
1918-04,,,,349.8001708984375,127.6907958984375,527.8787231445312
1918-05,,,,290.0693054199219,127.92588806152344,413.08624267578125
1918-06,,,,366.06695556640625,135.69796752929688,550.9906616210938
1918-07,,,,408.345458984375,135.62596130371094,628.42431640625
1918-08,,,,393.5311279296875,120.709716796875,609.115478515625
1918-09,,,,409.2270202636719,162.76763916015625,606.6751098632812
1918-10,,,,393.5849914550781,159.77536010742188,582.048828125
1918-11,,,,269.87249755859375,157.36422729492188,353.98681640625
1918-12,,,,196.59378051757812,156.56256103515625,223.270263671875
1919-01,,,,187.20191955566406,176.7372283935547,191.9649200439453
1919-02,,,,207.40342712402344,213.75083923339844,207.7384490966797
1919-03,,,,190.1789093017578,181.0127410888672,197.64280700683594
1919-04,,,,198.12655639648438,160.1390838623047,226.09515380859375
1919-05,,,,158.0450439453125,153.22486877441406,162.15066528320312
1919-06,,,,169.1619415283203,176.61830139160156,159.14944458007812
1919-07,,,,168.7230224609375,180.01708984375,159.1280975341797
1919-08,,,,156.36415100097656,162.3948974609375,146.79156494140625
1919-09,,,,142.34783935546875,159.6627960205078,128.56553649902344
1919-10,,,,143.55020141601562,148.60751342773438,141.3936004638672
1919-11,,,,151.64825439453125,160.1577911376953,142.27615356445312
1919-12,,,,126.97437286376953,137.60874938964844,112.56269073486328
1920-01,,,,110.3846664428711,101.95903015136719,117.82382202148438
1920-02,,,,94.42341613769531,91.54361724853516,96.2978286743164
1920-03,,,,134.0078582763672,139.73353576660156,131.0831298828125
1920-04,,,,138.16986083984375,111.69986724853516,163.35470581054688
1920-05,,,,95.29356384277344,72.08689880371094,106.4289779663086
1920-06,,,,82.3554916381836,74.40936279296875,83.61011505126953
1920-07,,,,110.29871368408203,104.02212524414062,114.52537536621094
1920-08,,,,125.35875701904297,134.85443115234375,122.1982421875
1920-09,,,,82.65211486816406,71.22784423828125,90.67290496826172
1920-10,,,,95.932861328125,84.48138427734375,100.97587585449219
1920-11,,,,76.41144561767578,71.30789947509766,78.5079574584961
1920-12,,,,79.46946716308594,85.04106140136719,76.68941497802734
1921-01,,,,57.45201873779297,57.89847946166992,53.792884826660156
1921-02,,,,71.34617614746094,59.04773712158203,76.61876678466797
1921-03,,,,86.93142700195312,81.63455963134766,90.15470886230469
1921-04,,,,73.6823501586914,74.02604675292969,69.27546691894531
1921-05,,,,85.56208038330078,91.02757263183594,78.80103302001953
1921-06,,,,81.83202362060547,76.50281524658203,83.18756103515625
1921-07,,,,69.0535659790039,64.81089782714844,67.30364990234375
1921-08,,,,71.40784454345703,58.60739517211914,78.63992309570312
1921-09,,,,60.794368743896484,60.126930236816406,64.60114288330078
1921-10,,,,73.81822967529297,69.27934265136719,73.75606536865234
1921-11,,,,73.88545227050781,81.48965454101562,63.91184997558594
1921-12,,,,68.35862731933594,71.17084503173828,64.09942626953125
1922-01,,,,56.99806213378906,55.57545852661133,53.306846618652344
1922-02,,,,56.697940826416016,58.820037841796875,48.18391036987305
1922-03,,,,61.155635833740234,64.39071655273438,56.15234375
1922-04,,,,73.25740051269531,63.131683349609375,81.66974639892578
1922-05,,,,58.883094787597656,51.09465026855469,63.661643981933594
1922-06,,,,65.47126770019531,57.352569580078125,71.53901672363281
1922-07,,,,86.22325134277344,84.60885620117188,82.5947036743164
1922-08,,,,62.41816329956055,53.11827087402344,67.85850524902344
1922-09,,,,85.52635192871094,94.54891967773438,79.86174011230469
1922-10,,,,62.84267044067383,65.55785369873047,59.49397659301758
1922-11,,,,56.927223205566406,54.474246978759766,57.21259689331055
1922-12,,,,52.68137741088867,52.72222900390625,50.18531036376953
1923-01,,,,83.26092529296875,105.7068099975586,64.06787109375
1923-02,,,,74.30038452148438,92.51465606689453,57.66655731201172
1923-03,,,,55.053401947021484,53.03865051269531,52.357521057128906
1923-04,,,,47.3514404296875,42.02779006958008,48.644283294677734
1923-05,,,,70.75028228759766,79.96711730957031,59.45331573486328
1923-06,,,,47.444454193115234,51.264339447021484,45.745208740234375
1923-07,,,,56.37287139892578,55.63536834716797,54.04671859741211
1923-08,,,,42.565895080566406,49.111961364746094,34.420108795166016
1923-09,,,,80.44438934326172,95.52957916259766,65.73458099365234
1923-10,,,,48.92905807495117,56.651123046875,39.45170211791992
1923-11,,,,42.20532989501953,50.97995376586914,31.387069702148438
1923-12,,,,57.77907943725586,45.33158874511719,67.73334503173828
1924-01,,,,60.661170959472656,50.668006896972656,68.06979370117188
1924-02,,,,44.82847213745117,32.837398529052734,53.16622543334961
1924-03,,,,32.45082092285156,26.64274024963379,35.885986328125
1924-04,,,,42.562889099121094,41.2647705078125,41.10453414916992
1924-05,,,,39.055789947509766,35.534507751464844,39.01558303833008
1924-06,,,,32.076393127441406,30.807466506958008,30.398332595825195
1924-07,,,,56.53169631958008,55.13185119628906,56.532997131347656
1924-08,,,,61.551719665527344,69.25949096679688,51.06208038330078
1924-09,,,,76.80686950683594,84.17709350585938,78.41863250732422
1924-10,,,,53.92131423950195,50.13679504394531,54.97478485107422
1924-11,,,,50.29384231567383,40.93427276611328,57.99121856689453
1924-12,,,,45.73115921020508,48.587852478027344,41.23482894897461
1925-01,,,,36.466339111328125,38.350276947021484,35.185462951660156
1925-02,,,,40.31141662597656,35.299842834472656,41.64012145996094
1925-03,,,,39.6591796875,39.58049392700195,39.42679977416992
1925-04,,,,52.62643814086914,38.48470687866211,63.12785720825195
1925-05,,,,42.952415466308594,40.20647430419922,46.901065826416016
1925-06,,,,51.69419479370117,57.459651947021484,48.03182601928711
1925-07,,,,51.44901657104492,52.40544891357422,52.13574981689453
1925-08,,,,52.57301712036133,43.42972183227539,58.66176986694336
1925-09,,,,46.796791076660156,39.06821823120117,53.76624298095703
1925-10,,,,57.5921516418457,57.37808609008789,56.03934860229492
1925-11,,,,38.31930160522461,34.55870819091797,36.99125289916992
1925-12,,,,38.77006912231445,39.37751770019531,37.770111083984375
1926-01,,,,24.919939041137695,31.84715461730957,19.14348602294922
1926-02,,,,31.870159149169922,35.57969665527344,28.061973571777344
1926-03,,,,28.225231170654297,32.06333541870117,23.330997467041016
1926-04,,,,41.08078384399414,36.36457824707031,42.36651611328125
1926-05,,,,54.81474685668945,50.43158721923828,58.21036148071289
1926-06,,,,38.43251037597656,35.76995086669922,39.92865753173828
1926-07,,,,36.161441802978516,29.522998809814453,38.37274932861328
1926-08,,,,39.1467399597168,37.09673309326172,38.747955322265625
1926-09,,,,45.01839828491211,42.20018005371094,43.491065979003906
1926-10,,,,34.68489074707031,32.30314254760742,34.01008605957031
1926-11,,,,35.74689483642578,34.115150451660156,33.7839469909668
1926-12,,,,42.063804626464844,46.14681625366211,36.43088912963867
1927-01,,,,64.30874633789062,71.55484008789062,58.891780853271484
1927-02,,,,52.68061828613281,45.082008361816406,60.733585357666016
1927-03,,,,61.619041442871094,69.52468872070312,51.974788665771484
1927-04,,,,56.56696701049805,53.49095916748047,57.50398635864258
1927-05,,,,35.45627975463867,37.63676071166992,33.14959716796875
1927-06,,,,39.565284729003906,47.210575103759766,32.97814178466797
1927-07,,,,34.9145622253418,38.90190887451172,29.665721893310547
1927-08,,,,39.5889892578125,40.26039505004883,37.430458068847656
1927-09,,,,32.728294372558594,27.860595703125,35.50198745727539
1927-10,,,,43.110965728759766,30.92430877685547,53.64140701293945
1927-11,,,,47.428192138671875,42.67913818359375,51.27714538574219
1927-12,,,,42.61509704589844,45.85000228881836,38.36814880371094
1928-01,,,,46.50865936279297,34.398712158203125,55.869720458984375
1928-02,,,,37.31113815307617,35.154232025146484,38.79729080200195
1928-03,,,,41.677738189697266,37.55438995361328,47.97566604614258
1928-04,,,,37.59975051879883,33.83219909667969,40.22114944458008
1928-05,,,,41.14933395385742,36.002201080322266,44.63669967651367
1928-06,,,,35.10234069824219,25.83432960510254,41.02334976196289
1928-07,,,,34.82687759399414,30.414005279541016,35.94429397583008
1928-08,,,,37.78215026855469,36.09897232055664,39.938758850097656
1928-09,,,,30.70033836364746,25.512012481689453,33.044700622558594
1928-10,,,,27.113065719604492,19.958003997802734,32.60249710083008
1928-11,,,,28.41400718688965,29.821971893310547,28.288434982299805
1928-12,,,,48.1014518737793,56.340057373046875,44.306278228759766
1929-01,,,,37.30567169189453,31.345508575439453,41.58958435058594
1929-02,,,,42.39878463745117,48.79641342163086,38.93003845214844
1929-03,,,,46.79766845703125,37.20372772216797,60.77433776855469
1929-04,,,,44.73091125488281,33.134090423583984,54.987754821777344
1929-05,,,,40.48475646972656,37.0283203125,43.937896728515625
1929-06,,,,29.21702003479004,27.09437370300293,30.734071731567383
1929-07,,,,57.564208984375,70.14471435546875,51.20302963256836
1929-08,,,,44.63158416748047,50.5237922668457,38.55215072631836
1929-09,,,,35.48832321166992,37.052589416503906,32.22889709472656
1929-10,,,,35.246463775634766,30.80246925354004,37.09194564819336
1929-11,,,,35.136348724365234,34.544517517089844,35.215301513671875
1929-12,,,,37.46351623535156,37.7178840637207,38.0230598449707
1930-01,,,,34.294044494628906,44.169029235839844,24.492544174194336
1930-02,,,,36.43842315673828,40.37382507324219,32.168067932128906
1930-03,,,,43.74150085449219,58.92401885986328,28.668912887573242
1930-04,,,,38.941139221191406,44.04573059082031,31.973464965820312
1930-05,,,,38.57687759399414,33.78094482421875,39.84841537475586
1930-06,,,,43.812774658203125,41.97681427001953,43.55605697631836
1930-07,,,,39.306541442871094,42.049922943115234,34.72181701660156
1930-08,,,,45.42131423950195,44.29970932006836,46.93405532836914
1930-09,,,,45.568111419677734,45.756134033203125,45.35787582397461
1930-10,,,,65.15262603759766,54.822933197021484,76.97892761230469
1930-11,,,,43.057857513427734,48.041324615478516,38.08574676513672
1930-12,,,,41.41242218017578,36.90751647949219,42.55600357055664
1931-01,,,,36.426544189453125,37.19907760620117,34.561279296875
1931-02,,,,36.32712173461914,41.83934020996094,31.583908081054688
1931-03,,,,37.66576385498047,35.83656692504883,39.53826904296875
1931-04,,,,41.03825378417969,37.38985061645508,47.93805694580078
1931-05,,,,45.69710159301758,44.30339431762695,48.03772735595703
1931-06,,,,34.43394470214844,35.11476135253906,31.763193130493164
1931-07,,,,39.307411193847656,37.37099838256836,40.151878356933594
1931-08,,,,46.563724517822266,43.180824279785156,47.720924377441406
1931-09,,,,46.76708221435547,50.66004943847656,45.08500289916992
1931-10,,,,52.48063278198242,60.23466110229492,46.471885681152344
1931-11,,,,70.79185485839844,80.37260437011719,65.86882781982422
1931-12,,,,47.381507873535156,44.06147384643555,48.596431732177734
1932-01,,,,63.57196044921875,65.20602416992188,61.05425262451172
1932-02,,,,113.99314880371094,129.6726837158203,102.29753875732422
1932-03,,,,67.1852798461914,68.19314575195312,66.88045501708984
1932-04,,,,53.59299087524414,51.47288131713867,51.68033981323242
1932-05,,,,45.1197509765625,35.94073486328125,52.499290466308594
1932-06,,,,38.662662506103516,40.050865173339844,39.57229995727539
1932-07,,,,56.50954055786133,53.4232292175293,56.516761779785156
1932-08,,,,73.4521484375,79.45134735107422,69.114990234375
1932-09,,,,70.19732666015625,74.60575103759766,65.31391906738281
1932-10,,,,44.72287368774414,54.38232421875,36.858985900878906
1932-11,,,,45.76577377319336,48.54597473144531,45.01869583129883
1932-12,,,,43.854183197021484,44.56568145751953,39.47801971435547
1933-01,,,,46.3891716003418,48.54375457763672,44.97438049316406
1933-02,,,,89.67784118652344,114.86017608642578,68.30281066894531
1933-03,,,,73.78299713134766,93.410400390625,53.676395416259766
1933-04,,,,52.085147857666016,63.35895538330078,43.70701599121094
1933-05,,,,75.33802795410156,82.49877166748047,68.45905303955078
1933-06,,,,38.8099250793457,47.36173629760742,27.52039909362793
1933-07,,,,32.775962829589844,34.06423568725586,31.253122329711914
1933-08,,,,49.95660400390625,54.10067367553711,43.0179328918457
1933-09,,,,44.8657112121582,51.78257369995117,38.957603454589844
1933-10,,,,50.18244934082031,61.431488037109375,38.260284423828125
1933-11,,,,41.157222747802734,46.47406768798828,35.31702423095703
1933-12,,,,39.4976806640625,40.70003890991211,37.74283218383789
1934-01,,,,41.815208435058594,46.59757995605469,35.48429870605469
1934-02,,,,50.252017974853516,52.822078704833984,47.52196502685547
1934-03,,,,44.2706413269043,54.28855895996094,34.05706024169922
1934-04,,,,41.63150405883789,46.82859802246094,37.644752502441406
1934-05,,,,64.64432525634766,85.3607406616211,43.69233322143555
1934-06,,,,46.05231475830078,53.76433563232422,35.60158157348633
1934-07,,,,74.12950897216797,96.75521087646484,51.640586853027344
1934-08,,,,49.639156341552734,61.90983581542969,38.16303253173828
1934-09,,,,61.617191314697266,79.34306335449219,48.24808883666992
1934-10,,,,43.60335159301758,47.67012405395508,41.67317199707031
1934-11,,,,46.434783935546875,59.55583572387695,32.69858169555664
1934-12,,,,61.0857048034668,79.42265319824219,45.068885803222656
1935-01,,,,45.45946502685547,53.45024108886719,38.71525192260742
1935-02,,,,50.46663284301758,73.39118957519531,31.14801025390625
1935-03,,,,67.36476135253906,88.3864974975586,51.53168869018555
1935-04,,,,57.24302673339844,79.61621856689453,35.23394012451172
1935-05,,,,44.03459167480469,57.53091049194336,30.999679565429688
1935-06,,,,45.92513656616211,57.859222412109375,37.73972702026367
1935-07,,,,70.68220520019531,100.70201110839844,44.16773223876953
1935-08,,,,88.26073455810547,116.43392181396484,72.75173950195312
1935-09,,,,132.07684326171875,212.91229248046875,70.94966888427734
1935-10,,,,188.74853515625,282.4045715332031,122.88172149658203
1935-11,,,,100.0623550415039,136.45989990234375,71.02179718017578
1935-12,,,,102.66012573242188,140.80848693847656,69.85431671142578
1936-01,,,,80.89762878417969,102.56275939941406,65.99695587158203
1936-02,,,,79.93846893310547,103.00059509277344,60.095035552978516
1936-03,,,,98.9214859008789,148.89283752441406,54.24046325683594
1936-04,,,,71.36610412597656,98.11491394042969,49.67979049682617
1936-05,,,,65.00257110595703,87.1554183959961,45.92747497558594
1936-06,,,,72.53710174560547,98.2620620727539,60.54399108886719
1936-07,,,,82.0948257446289,79.84211730957031,87.07459259033203
1936-08,,,,136.89804077148438,126.4026870727539,149.87078857421875
1936-09,,,,115.92527770996094,109.68447875976562,127.25772857666016
1936-10,,,,93.97209167480469,81.83720397949219,108.68466186523438
1936-11,,,,106.62641906738281,96.336181640625,118.25178527832031
1936-12,,,,92.65412139892578,109.99382019042969,80.73335266113281
1937-01,,,,86.9389877319336,106.95484924316406,69.86103820800781
1937-02,,,,70.67057800292969,82.4205093383789,66.80438232421875
1937-03,,,,78.50298309326172,79.66521453857422,81.35717010498047
1937-04,,,,73.57921600341797,86.17668151855469,69.40154266357422
1937-05,,,,58.083045959472656,50.4079475402832,67.91385650634766
1937-06,,,,73.04471588134766,78.62948608398438,72.60311889648438
1937-07,,,,99.03997039794922,105.77535247802734,105.99723052978516
1937-08,,,,100.35657501220703,97.04570007324219,120.24600219726562
1937-09,,,,126.11226654052734,136.5433349609375,122.4172592163086
1937-10,,,,109.75839233398438,112.23206329345703,114.07906341552734
1937-11,,,,85.16431427001953,103.64253997802734,81.89530944824219
1937-12,,,,88.4893798828125,87.80916595458984,94.91595458984375
1938-01,,,,77.84064483642578,70.94336700439453,86.05705261230469
1938-02,,,,91.15591430664062,96.46062469482422,91.05812072753906
1938-03,,,,112.18727111816406,145.0209197998047,87.75851440429688
1938-04,,,,81.93951416015625,77.59300231933594,84.26538848876953
1938-05,,,,100.39448547363281,107.21405792236328,101.5394515991211
1938-06,,,,83.6075210571289,77.8367691040039,89.63609313964844
1938-07,,,,77.24514770507812,65.32893371582031,91.61215209960938
1938-08,,,,103.3354263305664,104.12364196777344,111.53883361816406
1938-09,,,,210.74472045898438,316.1134948730469,130.36038208007812
1938-10,,,,140.14175415039062,184.44459533691406,97.73336029052734
1938-11,,,,71.93653869628906,77.66204833984375,63.75274658203125
1938-12,,,,74.1583480834961,89.61760711669922,62.711708068847656
1939-01,,,,117.61184692382812,143.7704315185547,99.15686798095703
1939-02,,,,97.05760955810547,117.62184143066406,80.01519775390625
1939-03,,,,111.83096313476562,147.62579345703125,89.70333099365234
1939-04,,,,141.7838897705078,212.2855224609375,89.48748779296875
1939-05,,,,86.45950317382812,114.23609924316406,65.33541870117188
1939-06,,,,104.21895599365234,155.4059600830078,59.368309020996094
1939-07,,,,122.50336456298828,188.50201416015625,73.47709655761719
1939-08,,,,181.1328887939453,282.9248962402344,101.94110107421875
1939-09,,,,484.18829345703125,480.017578125,559.9847412109375
1939-10,,,,350.2745666503906,356.35565185546875,384.95465087890625
1939-11,,,,267.2019958496094,247.83287048339844,299.2092590332031
1939-12,,,,227.91989135742188,152.8468017578125,307.3483581542969
1940-01,,,,193.37118530273438,143.2648162841797,251.1714324951172
1940-02,,,,190.7722930908203,143.62347412109375,240.3163604736328
1940-03,,,,160.76210021972656,123.71173858642578,200.15505981445312
1940-04,,,,196.9032745361328,162.4561004638672,244.14056396484375
1940-05,,,,261.62060546875,196.12428283691406,333.0608215332031
1940-06,,,,260.6170349121094,213.0830535888672,320.0199890136719
1940-07,,,,209.87860107421875,192.9007568359375,232.89515686035156
1940-08,,,,212.50050354003906,190.24887084960938,240.2342529296875
1940-09,,,,187.9911346435547,157.8761444091797,210.84848022460938
1940-10,,,,178.5435791015625,174.0441131591797,186.5841522216797
1940-11,,,,167.9485626220703,130.86508178710938,211.50013732910156
1940-12,,,,179.95416259765625,145.23348999023438,214.98519897460938
1941-01,,,,208.482177734375,143.97854614257812,264.6556091308594
1941-02,,,,206.45443725585938,162.57603454589844,245.70474243164062
1941-03,,,,208.71340942382812,171.9358673095703,235.96144104003906
1941-04,,,,235.87416076660156,158.19664001464844,301.3006286621094
1941-05,,,,226.9963836669922,162.84918212890625,285.8684997558594
1941-06,,,,249.62649536132812,157.69410705566406,339.109375
1941-07,,,,257.7549133300781,163.50733947753906,339.03179931640625
1941-08,,,,227.4700469970703,163.39828491210938,283.6211242675781
1941-09,,,,221.70928955078125,123.74946594238281,314.9422607421875
1941-10,,,,207.93081665039062,122.99491882324219,282.3463439941406
1941-11,,,,204.56776428222656,113.47288513183594,275.796630859375
1941-12,,,,447.508544921875,203.5154266357422,665.7186279296875
1942-01,,,,338.9930114746094,130.59104919433594,509.43212890625
1942-02,,,,328.9259948730469,142.80445861816406,481.2264404296875
1942-03,,,,280.3206787109375,134.9419708251953,398.6900329589844
1942-04,,,,287.121337890625,125.43109893798828,414.57110595703125
1942-05,,,,277.5602111816406,103.02633666992188,415.45635986328125
1942-06,,,,296.419921875,117.817626953125,435.78778076171875
1942-07,,,,292.8392028808594,105.43583679199219,439.84130859375
1942-08,,,,338.0627136230469,122.5782699584961,507.7712097167969
1942-09,,,,294.4718933105469,111.24390411376953,440.6632995605469
1942-10,,,,298.26123046875,106.9138412475586,449.3931884765625
1942-11,,,,308.5858459472656,110.16893768310547,468.294189453125
1942-12,,,,332.12518310546875,116.71377563476562,498.9267883300781
1943-01,,,,319.0300598144531,108.30889129638672,494.3822021484375
1943-02,,,,328.5752868652344,139.4081573486328,478.7421569824219
1943-03,,,,335.37103271484375,116.63321685791016,503.2413635253906
1943-04,,,,309.93890380859375,111.49260711669922,471.5402526855469
1943-05,,,,340.5239562988281,120.05033111572266,520.631103515625
1943-06,,,,352.0422668457031,131.20155334472656,530.3125
1943-07,,,,402.7427978515625,152.74855041503906,608.9754028320312
1943-08,,,,367.2891845703125,152.21107482910156,543.2726440429688
1943-09,,,,401.10394287109375,148.02569580078125,608.9187622070312
1943-10,,,,323.5034484863281,115.58000183105469,491.60198974609375
1943-11,,,,313.2484436035156,99.402099609375,481.7323913574219
1943-12,,,,339.35675048828125,102.1487808227539,524.9417724609375
1944-01,,,,363.1461486816406,134.52059936523438,550.95849609375
1944-02,,,,350.92218017578125,128.9482879638672,539.3995971679688
1944-03,,,,331.27362060546875,122.07078552246094,495.3023681640625
1944-04,,,,352.4859924316406,132.7560272216797,528.5791015625
1944-05,,,,389.8532409667969,123.6484375,609.5341796875
1944-06,,,,473.21649169921875,138.12850952148438,746.1528930664062
1944-07,,,,396.89202880859375,119.91539001464844,621.9337768554688
1944-08,,,,417.7857666015625,155.53094482421875,624.8864135742188
1944-09,,,,390.09014892578125,147.1540069580078,583.087890625
1944-10,,,,354.89141845703125,136.3644256591797,542.1480712890625
1944-11,,,,341.0667419433594,130.55154418945312,512.98828125
1944-12,,,,359.2229919433594,130.19332885742188,538.7161865234375
1945-01,,,,326.9896545410156,165.63623046875,454.65618896484375
1945-02,,,,314.14422607421875,161.75367736816406,446.5523681640625
1945-03,,,,321.1037292480469,165.50682067871094,449.5199279785156
1945-04,,,,277.5852966308594,151.1079864501953,388.92242431640625
1945-05,,,,231.92535400390625,145.3588104248047,311.37933349609375
1945-06,,,,239.47850036621094,157.72921752929688,309.3859558105469
1945-07,,,,254.03851318359375,174.80877685546875,338.171630859375
1945-08,,,,280.3399963378906,275.1289367675781,305.7273864746094
1945-09,,,,158.33892822265625,153.8224334716797,160.6339569091797
1945-10,,,,176.29734802246094,179.88485717773438,160.6536102294922
1945-11,,,,176.1805419921875,213.35031127929688,138.06930541992188
1945-12,,,,132.40530395507812,134.7399444580078,123.06382751464844
1946-01,,,,136.21463012695312,137.43826293945312,132.6752471923828
1946-02,,,,122.52926635742188,128.37229919433594,110.16099548339844
1946-03,,,,131.415771484375,179.83779907226562,84.24311828613281
1946-04,,,,115.98953247070312,132.50157165527344,95.9739761352539
1946-05,,,,124.81855773925781,152.65245056152344,94.21879577636719
1946-06,,,,123.56192779541016,154.4999542236328,87.82337951660156
1946-07,,,,128.63035583496094,157.2779083251953,98.53233337402344
1946-08,,,,122.59355163574219,141.34060668945312,106.63490295410156
1946-09,,,,132.15341186523438,180.8433074951172,79.86629486083984
1946-10,,,,115.05048370361328,147.7995147705078,79.22843933105469
1946-11,,,,104.2725830078125,115.94213104248047,92.22584533691406
1946-12,,,,109.54686737060547,126.80493927001953,89.83253479003906
1947-01,,,,102.46404266357422,98.77459716796875,101.49812316894531
1947-02,,,,97.77433013916016,103.3542251586914,84.7253189086914
1947-03,,,,118.67977142333984,131.727783203125,100.63202667236328
1947-04,,,,102.74864196777344,112.73786163330078,90.84705352783203
1947-05,,,,90.15819549560547,105.7170181274414,74.77660369873047
1947-06,,,,87.49806213378906,102.75873565673828,70.70901489257812
1947-07,,,,111.11567687988281,112.48819732666016,107.02764892578125
1947-08,,,,112.92383575439453,117.15758514404297,103.31495666503906
1947-09,,,,99.36425018310547,109.53402709960938,87.09553527832031
1947-10,,,,91.35353088378906,107.12937927246094,76.39266204833984
1947-11,,,,85.0682144165039,94.02543640136719,71.47761535644531
1947-12,,,,92.0465316772461,97.94549560546875,86.86723327636719
1948-01,,,,90.19718170166016,99.9385986328125,79.97517395019531
1948-02,,,,101.24353790283203,118.82009887695312,80.57601165771484
1948-03,,,,139.1269073486328,191.32041931152344,83.88249969482422
1948-04,,,,125.58924865722656,150.20729064941406,100.22661590576172
1948-05,,,,128.97213745117188,169.61764526367188,94.26988983154297
1948-06,,,,105.3296890258789,126.53662109375,82.48806762695312
1948-07,,,,139.153076171875,196.5982666015625,78.81453704833984
1948-08,,,,106.92613220214844,120.3666000366211,86.65593719482422
1948-09,,,,121.50931549072266,167.7201385498047,71.1822280883789
1948-10,,,,129.3592987060547,169.5881805419922,85.71595764160156
1948-11,,,,99.35396575927734,131.52427673339844,64.09048461914062
1948-12,,,,85.41590881347656,95.24567413330078,74.27778625488281
1949-01,,,,90.29173278808594,106.65543365478516,72.00563049316406
1949-02,,,,90.19142150878906,103.44291687011719,74.45696258544922
1949-03,,,,76.28336334228516,92.7593994140625,56.122989654541016
1949-04,,,,91.95882415771484,119.76737976074219,60.60850143432617
1949-05,,,,93.0523681640625,121.25588989257812,62.744651794433594
1949-06,,,,81.83934020996094,104.87598419189453,56.92668151855469
1949-07,,,,79.78976440429688,107.69743347167969,47.64940643310547
1949-08,,,,88.27278900146484,98.13240051269531,81.65886688232422
1949-09,,,,94.78289031982422,119.01214599609375,66.67403411865234
1949-10,,,,83.74728393554688,115.92171478271484,51.8592414855957
1949-11,,,,66.26329040527344,83.16850280761719,46.46786117553711
1949-12,,,,68.21327209472656,93.66676330566406,47.69032287597656
1950-01,,,,75.76980590820312,99.74690246582031,49.589622497558594
1950-02,,,,101.8079605102539,150.621826171875,51.298519134521484
1950-03,,,,74.70016479492188,106.0827865600586,44.92081069946289
1950-04,,,,77.92121124267578,102.7013168334961,53.45513153076172
1950-05,,,,84.77960968017578,122.15979766845703,45.66168975830078
1950-06,,,,102.63823699951172,126.25732421875,81.97016143798828
1950-07,,,,242.3643798828125,303.06884765625,201.5059356689453
1950-08,,,,229.5492706298828,266.74041748046875,212.6802520751953
1950-09,,,,190.14785766601562,185.1030731201172,196.59396362304688
1950-10,,,,140.0428009033203,152.236083984375,128.726806640625
1950-11,,,,156.133544921875,152.44143676757812,163.90769958496094
1950-12,,,,237.10702514648438,315.1687316894531,187.0472412109375
1951-01,,,,215.7411346435547,276.4656677246094,175.7504425048828
1951-02,,,,181.3081817626953,207.37269592285156,162.8536834716797
1951-03,,,,148.58433532714844,164.7797088623047,135.0173797607422
1951-04,,,,153.0889892578125,186.41140747070312,141.2840118408203
1951-05,,,,185.57162475585938,234.69029235839844,167.68496704101562
1951-06,,,,145.98741149902344,172.0405731201172,135.654296875
1951-07,,,,147.3849334716797,180.7302703857422,133.68890380859375
1951-08,,,,142.89854431152344,167.69207763671875,128.89048767089844
1951-09,,,,117.81254577636719,118.87088775634766,113.802978515625
1951-10,,,,151.99562072753906,172.0916748046875,139.9264678955078
1951-11,,,,144.30978393554688,160.25885009765625,132.09690856933594
1951-12,,,,118.5394058227539,129.93670654296875,115.88912963867188
1952-01,,,,136.6841583251953,150.86376953125,132.80252075195312
1952-02,,,,109.9864273071289,121.3878402709961,99.62035369873047
1952-03,,,,100.5423583984375,102.42395782470703,98.9651870727539
1952-04,,,,100.3922119140625,95.24844360351562,103.62422180175781
1952-05,,,,111.62303161621094,125.14385223388672,97.87635803222656
1952-06,,,,114.96894073486328,105.79495239257812,124.3017807006836
1952-07,,,,94.67417907714844,81.33716583251953,107.27330017089844
1952-08,,,,88.67388153076172,89.29728698730469,88.54344177246094
1952-09,,,,98.13611602783203,95.69624328613281,99.9792251586914
1952-10,,,,110.67723846435547,107.30171966552734,111.41292572021484
1952-11,,,,100.03401947021484,83.50588989257812,111.52766418457031
1952-12,,,,94.56012725830078,89.74903869628906,94.9718246459961
1953-01,,,,91.2088623046875,85.34243774414062,92.45018768310547
1953-02,,,,132.77706909179688,162.87973022460938,113.55165100097656
1953-03,,,,109.0021743774414,105.43141174316406,114.81131744384766
1953-04,,,,100.99649810791016,112.4223403930664,94.11369323730469
1953-05,,,,109.35395812988281,116.01136779785156,105.99044799804688
1953-06,,,,117.97201538085938,130.24407958984375,107.94792175292969
1953-07,,,,111.8611831665039,113.53312683105469,112.97381591796875
1953-08,,,,105.12745666503906,130.9231719970703,72.9836196899414
1953-09,,,,86.946533203125,99.17031860351562,73.29459381103516
1953-10,,,,100.08676147460938,117.2603759765625,82.21453094482422
1953-11,,,,59.44744110107422,69.66240692138672,45.52119445800781
1953-12,,,,98.37127685546875,135.8225860595703,57.430789947509766
1954-01,,,,83.44082641601562,95.20234680175781,69.20848083496094
1954-02,,,,78.85304260253906,92.82986450195312,62.346065521240234
1954-03,,,,100.2618637084961,121.70694732666016,78.55951690673828
1954-04,,,,127.52432250976562,182.8767547607422,77.511962890625
1954-05,,,,83.3118667602539,101.33995819091797,62.59836959838867
1954-06,,,,119.2347640991211,151.83053588867188,89.70133209228516
1954-07,,,,109.87887573242188,129.31109619140625,87.56749725341797
1954-08,,,,81.68243408203125,110.28111267089844,53.81930160522461
1954-09,,,,79.41703033447266,103.40921020507812,54.65652847290039
1954-10,,,,61.676513671875,82.75489044189453,37.96281814575195
1954-11,,,,85.97054290771484,112.94135284423828,53.80320739746094
1954-12,,,,81.42528533935547,113.3111801147461,53.2119026184082
1955-01,,,,96.20972442626953,130.63938903808594,65.10832977294922
1955-02,,,,110.46392822265625,162.28309631347656,62.40279006958008
1955-03,,,,116.491455078125,164.51478576660156,74.74119567871094
1955-04,,,,99.86804962158203,137.11813354492188,68.2928466796875
1955-05,,,,80.87391662597656,110.38932037353516,51.11305236816406
1955-06,,,,84.1080093383789,113.25392150878906,59.74696350097656
1955-07,,,,80.58653259277344,115.49466705322266,46.229217529296875
1955-08,,,,84.72102355957031,108.93365478515625,59.3250617980957
1955-09,,,,79.8739013671875,105.87865447998047,54.254356384277344
1955-10,,,,77.30744934082031,94.11155700683594,58.305198669433594
1955-11,,,,80.78421020507812,99.01373291015625,63.92636489868164
1955-12,,,,78.1252212524414,90.24637603759766,66.0419692993164
1956-01,,,,101.664794921875,140.01162719726562,61.678062438964844
1956-02,,,,114.98826599121094,150.0035858154297,82.46772003173828
1956-03,,,,96.028564453125,118.63133239746094,75.24254608154297
1956-04,,,,87.8168716430664,121.05247497558594,58.066001892089844
1956-05,,,,79.92201232910156,108.166259765625,49.14286422729492
1956-06,,,,83.62297821044922,102.35076141357422,67.21576690673828
1956-07,,,,87.74463653564453,117.57880401611328,55.67780303955078
1956-08,,,,91.8788833618164,127.80567932128906,54.82223129272461
1956-09,,,,87.93463897705078,125.8248291015625,45.705318450927734
1956-10,,,,112.37371826171875,167.49244689941406,60.720794677734375
1956-11,,,,167.70657348632812,227.0633544921875,115.0030517578125
1956-12,,,,103.38310241699219,111.65522766113281,89.57632446289062
1957-01,,,,112.1222152709961,141.62696838378906,82.47074127197266
1957-02,,,,125.36201477050781,173.87582397460938,74.69487762451172
1957-03,,,,78.94539642333984,107.35152435302734,46.51032638549805
1957-04,,,,97.71640014648438,139.61119079589844,52.96952438354492
1957-05,,,,102.37721252441406,156.2627410888672,48.56743621826172
1957-06,,,,99.81275177001953,136.27137756347656,61.29666519165039
1957-07,,,,95.03514099121094,130.28244018554688,59.227088928222656
1957-08,,,,82.27916717529297,98.62442016601562,61.2108154296875
1957-09,,,,80.46887969970703,112.25874328613281,42.520751953125
1957-10,,,,110.60067749023438,156.28912353515625,63.57489013671875
1957-11,,,,101.67893981933594,136.78012084960938,67.15808868408203
1957-12,,,,105.5080795288086,159.82846069335938,51.32357406616211
1958-01,,,,102.10115051269531,132.15985107421875,71.58338928222656
1958-02,,,,113.79354095458984,146.4993438720703,76.80551147460938
1958-03,,,,108.72966003417969,133.48849487304688,84.5643539428711
1958-04,,,,136.06593322753906,172.0405731201172,99.8496322631836
1958-05,,,,113.26227569580078,151.87890625,77.68376922607422
1958-06,,,,97.34893035888672,112.05915069580078,75.86097717285156
1958-07,,,,155.7167205810547,208.71630859375,101.66300964355469
1958-08,,,,123.11936950683594,175.5522918701172,69.24771118164062
1958-09,,,,133.8649139404297,191.49102783203125,78.19658660888672
1958-10,,,,103.4050064086914,136.96669006347656,65.45977783203125
1958-11,,,,98.7123794555664,135.81785583496094,60.620906829833984
1958-12,,,,96.53560638427734,133.9133758544922,58.37657165527344
1959-01,,,,74.92053985595703,104.76801300048828,46.07917404174805
1959-02,,,,76.67919921875,106.03157806396484,48.91245651245117
1959-03,,,,99.13396453857422,141.09840393066406,63.78913116455078
1959-04,,,,86.49523162841797,108.36097717285156,62.948463439941406
1959-05,,,,88.20805358886719,121.71861267089844,53.43019485473633
1959-06,,,,94.79708099365234,127.02916717529297,61.227046966552734
1959-07,,,,83.83183288574219,118.43800354003906,49.34234619140625
1959-08,,,,91.04661560058594,102.26728057861328,73.3848648071289
1959-09,,,,82.38993835449219,93.61041259765625,67.37110900878906
1959-10,,,,69.59735870361328,90.1484146118164,45.114009857177734
1959-11,,,,70.3912124633789,96.59202575683594,40.93899154663086
1959-12,,,,67.81082916259766,90.1128158569336,44.19805145263672
1960-01,,,,64.65913391113281,87.55472564697266,38.97637939453125
1960-02,,,,90.17893981933594,122.00646209716797,53.647708892822266
1960-03,,,,77.88362121582031,114.18323516845703,41.03517532348633
1960-04,,,,89.76142883300781,122.14788055419922,51.94557189941406
1960-05,,,,100.82586669921875,152.5619659423828,50.05619812011719
1960-06,,,,85.59402465820312,125.43383026123047,46.234031677246094
1960-07,,,,76.75084686279297,104.07678985595703,47.74398422241211
1960-08,,,,97.6755599975586,133.37545776367188,58.737022399902344
1960-09,,,,88.29756927490234,108.35432434082031,63.6928596496582
1960-10,,,,92.92769622802734,139.25682067871094,46.18525314331055
1960-11,,,,88.1583251953125,111.03302001953125,65.38642120361328
1960-12,,,,84.30039978027344,108.79556274414062,56.48199462890625
1961-01,,,,89.17472076416016,95.84154510498047,78.41388702392578
1961-02,,,,78.23744201660156,103.51470947265625,49.12358856201172
1961-03,,,,92.80144500732422,123.74406433105469,61.97173309326172
1961-04,,,,132.05430603027344,158.6589813232422,107.13259887695312
1961-05,,,,110.82780456542969,128.61965942382812,91.78202056884766
1961-06,,,,112.12826538085938,150.98402404785156,67.49908447265625
1961-07,,,,141.77932739257812,208.8423614501953,79.10887908935547
1961-08,,,,167.1951446533203,259.2384948730469,79.10591125488281
1961-09,,,,186.13626098632812,308.8843994140625,70.59457397460938
1961-10,,,,131.0919952392578,216.10897827148438,51.723873138427734
1961-11,,,,130.80401611328125,197.91575622558594,65.72038269042969
1961-12,,,,140.77511596679688,197.79176330566406,86.57695770263672
1962-01,,,,105.96036529541016,146.82814025878906,66.42015075683594
1962-02,,,,113.75245666503906,150.43753051757812,75.2380142211914
1962-03,,,,130.29046630859375,170.27499389648438,86.22410583496094
1962-04,,,,116.6429214477539,153.7565460205078,77.35984802246094
1962-05,,,,112.34205627441406,130.90109252929688,98.3046646118164
1962-06,,,,96.7890853881836,125.61267852783203,63.7728385925293
1962-07,,,,93.55087280273438,128.3557891845703,55.475303649902344
1962-08,,,,81.47392272949219,109.45243835449219,52.93073272705078
1962-09,,,,108.884521484375,155.92431640625,63.53145217895508
1962-10,,,,228.13653564453125,376.5883483886719,81.79621887207031
1962-11,,,,170.65794372558594,272.5716857910156,68.67672729492188
1962-12,,,,138.2330322265625,210.64488220214844,64.02165985107422
1963-01,,,,120.20672607421875,177.06439208984375,60.25505447387695
1963-02,,,,150.01646423339844,236.11056518554688,57.72160720825195
1963-03,,,,119.1106185913086,180.51715087890625,55.409690856933594
1963-04,,,,114.84062194824219,167.63836669921875,62.54085922241211
1963-05,,,,101.78618621826172,145.3751983642578,57.856136322021484
1963-06,,,,90.50883483886719,128.22836303710938,53.51760482788086
1963-07,,,,146.54678344726562,230.36624145507812,59.31911849975586
1963-08,,,,159.15997314453125,254.5079345703125,62.3017578125
1963-09,,,,120.26571655273438,188.06089782714844,52.91268539428711
1963-10,,,,114.01335906982422,158.6058807373047,65.8185043334961
1963-11,,,,97.13487243652344,133.18309020996094,58.360504150390625
1963-12,,,,77.00877380371094,106.16120147705078,44.148765563964844
1964-01,,,,72.62115478515625,90.22943878173828,50.58982467651367
1964-02,,,,79.194091796875,100.30358123779297,56.44902801513672
1964-03,,,,76.28631591796875,98.45587158203125,49.70361328125
1964-04,,,,70.8199462890625,90.59308624267578,48.99528121948242
1964-05,,,,72.83729553222656,79.52851867675781,62.062625885009766
1964-06,,,,99.49385833740234,115.85203552246094,76.2525863647461
1964-07,,,,116.09857940673828,163.76881408691406,62.6466064453125
1964-08,,,,126.02654266357422,148.85484313964844,103.01070404052734
1964-09,,,,92.84661865234375,121.71029663085938,63.277565002441406
1964-10,,,,99.39657592773438,145.5210418701172,54.02996826171875
1964-11,,,,84.17487335205078,109.77311706542969,57.86650085449219
1964-12,,,,96.62899017333984,117.04093170166016,70.83619689941406
1965-01,,,,66.43174743652344,86.66349792480469,43.44900894165039
1965-02,,,,87.27833557128906,103.47999572753906,71.69979858398438
1965-03,,,,74.7591781616211,89.08891296386719,58.18562316894531
1965-04,,,,83.22582244873047,98.31465911865234,67.42322540283203
1965-05,,,,107.05209350585938,117.59368133544922,97.40621948242188
1965-06,,,,96.5710678100586,98.18633270263672,92.54491424560547
1965-07,,,,106.20603942871094,131.9678955078125,76.64979553222656
1965-08,,,,102.49994659423828,119.14452362060547,83.05821990966797
1965-09,,,,148.6270294189453,168.93789672851562,128.18048095703125
1965-10,,,,105.90697479248047,111.76813507080078,96.16622161865234
1965-11,,,,96.2056884765625,131.09832763671875,62.27914810180664
1965-12,,,,122.67390441894531,174.29762268066406,71.49092102050781
1966-01,,,,100.83629608154297,120.04129791259766,77.17794799804688
1966-02,,,,110.29782104492188,133.66732788085938,83.88343048095703
1966-03,,,,84.83901977539062,112.82919311523438,53.49884796142578
1966-04,,,,83.17399597167969,105.93990325927734,57.27699661254883
1966-05,,,,88.24566650390625,114.22052764892578,64.01849365234375
1966-06,,,,84.82498168945312,105.84095764160156,61.09050369262695
1966-07,,,,101.36787414550781,130.38633728027344,70.07962036132812
1966-08,,,,90.53927612304688,102.10371398925781,77.42749786376953
1966-09,,,,82.43666076660156,111.9900894165039,48.884620666503906
1966-10,,,,87.21412658691406,110.71461486816406,60.43248748779297
1966-11,,,,84.35037231445312,90.6060791015625,74.17656707763672
1966-12,,,,89.49952697753906,112.87142181396484,62.997074127197266
1967-01,,,,78.87580871582031,92.23481750488281,64.76268005371094
1967-02,,,,93.53082275390625,112.56610107421875,70.763671875
1967-03,,,,106.47549438476562,116.13163757324219,92.5169906616211
1967-04,,,,86.28435516357422,96.31375885009766,78.40888977050781
1967-05,,,,124.01653289794922,168.4747772216797,84.02583312988281
1967-06,,,,183.65126037597656,217.92726135253906,164.0558319091797
1967-07,,,,141.924072265625,149.9213104248047,134.31820678710938
1967-08,,,,123.57278442382812,120.32485961914062,127.59962463378906
1967-09,,,,98.46539306640625,105.00855255126953,91.27216339111328
1967-10,,,,104.78156280517578,109.65576171875,97.557861328125
1967-11,,,,99.80528259277344,118.07332611083984,80.01097106933594
1967-12,,,,109.89964294433594,132.67254638671875,87.41561126708984
1968-01,,,,120.0167007446289,152.68478393554688,89.84739685058594
1968-02,,,,140.84307861328125,147.2112579345703,136.49456787109375
1968-03,,,,110.75554656982422,116.83822631835938,105.02630615234375
1968-04,,,,106.33563232421875,113.75727081298828,96.91461181640625
1968-05,,,,87.4346923828125,79.6082534790039,88.36776733398438
1968-06,,,,77.73848724365234,78.42300415039062,72.88565826416016
1968-07,,,,106.29724884033203,120.88109588623047,88.41777038574219
1968-08,,,,126.03875732421875,129.62376403808594,116.57637023925781
1968-09,,,,115.4190444946289,127.1909408569336,97.54247283935547
1968-10,,,,90.05001068115234,104.28593444824219,73.73493957519531
1968-11,,,,89.1147689819336,100.5888671875,75.3836669921875
1968-12,,,,80.36865997314453,79.1948471069336,79.22216796875
1969-01,,,,98.5400161743164,116.76458740234375,79.6825180053711
1969-02,,,,99.29932403564453,101.64907836914062,91.28683471679688
1969-03,,,,126.85001373291016,126.26700592041016,123.16812896728516
1969-04,,,,106.27946472167969,117.4098129272461,91.629638671875
1969-05,,,,84.31744384765625,76.93728637695312,86.47045135498047
1969-06,,,,85.46148681640625,84.86363220214844,81.54605102539062
1969-07,,,,91.40158081054688,95.2269287109375,86.39767456054688
1969-08,,,,95.18844604492188,89.4095687866211,102.17914581298828
1969-09,,,,87.56625366210938,79.06693267822266,91.14253997802734
1969-10,,,,85.14434051513672,100.70316314697266,69.2945556640625
1969-11,,,,102.03317260742188,110.47750091552734,94.15072631835938
1969-12,,,,87.36831665039062,89.84545135498047,83.42420196533203
1970-01,,,,93.36079406738281,100.67549133300781,86.72991180419922
1970-02,,,,93.01854705810547,99.79750061035156,85.3623275756836
1970-03,,,,88.9744873046875,82.84685516357422,91.88023376464844
1970-04,,,,88.44861602783203,75.03216552734375,95.66107940673828
1970-05,,,,123.73291015625,109.70425415039062,137.4105224609375
1970-06,,,,93.94159698486328,74.88511657714844,111.87824249267578
1970-07,,,,108.71371459960938,118.13256072998047,96.4516372680664
1970-08,,,,106.96976470947266,109.03214263916016,107.94407653808594
1970-09,,,,177.2829132080078,173.43850708007812,184.92984008789062
1970-10,,,,113.9059829711914,114.22256469726562,108.50608825683594
1970-11,,,,72.02772521972656,91.80574798583984,56.45173645019531
1970-12,,,,73.49131774902344,78.34862518310547,65.61132049560547
1971-01,,,,83.07184600830078,87.20703125,80.48101806640625
1971-02,,,,99.541748046875,114.3134765625,95.92029571533203
1971-03,,,,88.13452911376953,89.88871002197266,84.38866424560547
1971-04,,,,93.0986557006836,89.46981811523438,93.67509460449219
1971-05,,,,73.13999938964844,66.73818969726562,78.93019104003906
1971-06,,,,73.63284301757812,77.82596588134766,73.45824432373047
1971-07,,,,94.81724548339844,103.72482299804688,87.61226654052734
1971-08,,,,79.9136962890625,88.30646514892578,69.29933166503906
1971-09,,,,78.3456039428711,86.35016632080078,64.06401824951172
1971-10,,,,83.19786071777344,97.89128875732422,67.35968780517578
1971-11,,,,91.97172546386719,113.67449951171875,73.19691467285156
1971-12,,,,110.2033920288086,108.6709213256836,116.47992706298828
1972-01,,,,87.94572448730469,87.11129760742188,90.09449768066406
1972-02,,,,78.8551025390625,78.97044372558594,80.6751708984375
1972-03,,,,69.48542785644531,64.46022033691406,76.10730743408203
1972-04,,,,106.54450988769531,92.22771453857422,122.33160400390625
1972-05,,,,128.2822265625,146.66502380371094,115.33854675292969
1972-06,,,,103.57974243164062,107.15279388427734,97.79541778564453
1972-07,,,,79.58895111083984,79.39814758300781,74.89790344238281
1972-08,,,,75.64356231689453,62.60435485839844,81.50725555419922
1972-09,,,,106.85816955566406,85.9652328491211,132.46290588378906
1972-10,,,,73.4010238647461,68.6388931274414,74.55075073242188
1972-11,,,,72.00155639648438,71.38015747070312,70.78654479980469
1972-12,,,,67.63729858398438,66.8703842163086,66.58354187011719
1973-01,,,,64.1259765625,62.65974044799805,66.92057800292969
1973-02,,,,48.90226745605469,45.51437759399414,50.209449768066406
1973-03,,,,64.1389389038086,74.61934661865234,51.45796203613281
1973-04,,,,70.70576477050781,73.08743286132812,68.80906677246094
1973-05,,,,58.97999954223633,57.89893341064453,58.389076232910156
1973-06,,,,54.007816314697266,58.564510345458984,48.7226676940918
1973-07,,,,69.19011688232422,71.14534759521484,63.4091796875
1973-08,,,,70.10533905029297,68.9892807006836,73.61091613769531
1973-09,,,,64.28269958496094,68.96305084228516,57.64777755737305
1973-10,,,,161.14137268066406,156.2267608642578,187.14414978027344
1973-11,,,,109.2371597290039,146.04092407226562,83.62437438964844
1973-12,,,,85.20231628417969,114.17205810546875,60.33993911743164
1974-01,,,,80.49143981933594,103.87297821044922,59.50263595581055
1974-02,,,,71.60725402832031,92.74955749511719,51.97449493408203
1974-03,,,,76.06338500976562,103.3379898071289,50.298336029052734
1974-04,,,,68.72421264648438,74.090576171875,59.17363739013672
1974-05,,,,65.31951904296875,62.35308837890625,64.3583984375
1974-06,,,,69.46392059326172,84.30281829833984,56.8980712890625
1974-07,,,,84.62049865722656,114.59510040283203,55.9144401550293
1974-08,,,,75.68672943115234,93.86209869384766,57.093631744384766
1974-09,,,,53.95918655395508,65.09053039550781,44.67866134643555
1974-10,,,,57.71617889404297,82.06866455078125,31.65856170654297
1974-11,,,,68.77200317382812,87.44994354248047,48.760528564453125
1974-12,,,,74.38534545898438,81.71582794189453,67.7460708618164
1975-01,,,,73.16729736328125,83.85536193847656,63.5163459777832
1975-02,,,,86.05488586425781,112.8295669555664,68.52628326416016
1975-03,,,,87.00109100341797,81.50448608398438,91.29923248291016
1975-04,,,,82.64146423339844,89.51791381835938,72.1478271484375
1975-05,,,,69.51492309570312,91.75151824951172,46.429080963134766
1975-06,,,,73.45471954345703,104.65204620361328,44.0267333984375
1975-07,,,,87.46597290039062,130.4193878173828,44.45741653442383
1975-08,,,,92.53986358642578,119.2892074584961,63.45970153808594
1975-09,,,,69.64713287353516,91.54800415039062,50.58148193359375
1975-10,,,,77.19134521484375,95.56122589111328,57.04166030883789
1975-11,,,,71.16300201416016,98.56088256835938,44.96923065185547
1975-12,,,,79.85717010498047,83.33381652832031,75.940185546875
1976-01,,,,82.4615478515625,99.6055679321289,65.4129409790039
1976-02,,,,53.81828308105469,61.6390266418457,43.6544303894043
1976-03,,,,69.60106658935547,94.42020416259766,47.16932678222656
1976-04,,,,62.14344787597656,76.18154907226562,47.510154724121094
1976-05,,,,67.54011535644531,90.44750213623047,45.81376266479492
1976-06,,,,68.00221252441406,79.71550750732422,57.957679748535156
1976-07,,,,78.57222747802734,62.27892303466797,94.91754913330078
1976-08,,,,91.08425903320312,108.76435852050781,73.17838287353516
1976-09,,,,69.40160369873047,76.60131072998047,60.782588958740234
1976-10,,,,67.3575439453125,85.47039031982422,50.662696838378906
1976-11,,,,58.60988235473633,66.94139862060547,52.8473014831543
1976-12,,,,62.19698715209961,80.23188018798828,44.44427490234375
1977-01,,,,55.85688018798828,78.58527374267578,33.276973724365234
1977-02,,,,64.89677429199219,84.99382019042969,40.50898361206055
1977-03,,,,61.689422607421875,83.10665893554688,39.66678237915039
1977-04,,,,78.98402404785156,94.54933166503906,62.80103302001953
1977-05,,,,74.19253540039062,94.37916564941406,55.064918518066406
1977-06,,,,67.76715087890625,84.29476928710938,50.04251480102539
1977-07,,,,77.61767578125,98.00056457519531,57.342586517333984
1977-08,,,,72.07817840576172,86.04426574707031,57.04014205932617
1977-09,,,,63.82621383666992,82.02079010009766,47.19955062866211
1977-10,,,,78.11302947998047,102.51348114013672,60.5841178894043
1977-11,,,,70.12207794189453,89.68028259277344,52.19883346557617
1977-12,,,,56.55726623535156,68.23579406738281,42.9289436340332
1978-01,,,,65.3714370727539,88.52755737304688,43.379886627197266
1978-02,,,,80.86685180664062,103.81309509277344,58.04055404663086
1978-03,,,,101.27259063720703,105.5895004272461,94.2457275390625
1978-04,,,,76.17948913574219,109.60811614990234,43.160011291503906
1978-05,,,,111.73175811767578,120.57794189453125,104.78121185302734
1978-06,,,,97.30580139160156,103.54788208007812,93.17572784423828
1978-07,,,,86.6430435180664,102.80662536621094,75.91820526123047
1978-08,,,,66.59713745117188,69.91677856445312,62.837860107421875
1978-09,,,,71.80133056640625,67.47615814208984,75.22968292236328
1978-10,,,,65.73056030273438,67.81085205078125,60.71568298339844
1978-11,,,,75.7578125,95.56338500976562,57.11538314819336
1978-12,,,,77.19337463378906,102.59395599365234,55.021392822265625
1979-01,,,,84.88912963867188,99.4893798828125,73.11888122558594
1979-02,,,,95.47034454345703,116.59623718261719,83.14586639404297
1979-03,,,,91.03933715820312,111.36181640625,73.61724090576172
1979-04,,,,94.2980728149414,110.29475402832031,76.90653228759766
1979-05,,,,77.9273910522461,100.0864486694336,53.93717956542969
1979-06,,,,99.5243148803711,126.82825469970703,73.92402648925781
1979-07,,,,81.14990234375,96.52132415771484,62.7271728515625
1979-08,,,,70.08392333984375,77.28260040283203,63.29098892211914
1979-09,,,,74.71395111083984,103.75215911865234,52.2010383605957
1979-10,,,,82.6199951171875,121.21986389160156,45.79495620727539
1979-11,,,,88.66984558105469,116.07775115966797,65.05769348144531
1979-12,,,,95.82673645019531,138.39842224121094,61.511474609375
1980-01,,,,153.01687622070312,239.992919921875,72.00232696533203
1980-02,,,,108.00233459472656,155.4066162109375,58.43518829345703
1980-03,,,,86.5362319946289,124.6737289428711,51.60232925415039
1980-04,,,,122.74142456054688,181.8507537841797,66.55513763427734
1980-05,,,,86.84213256835938,121.63941192626953,52.080589294433594
1980-06,,,,86.26958465576172,114.37309265136719,59.632423400878906
1980-07,,,,69.79114532470703,83.97650909423828,51.52786636352539
1980-08,,,,73.168212890625,95.42371368408203,54.66020584106445
1980-09,,,,109.17736053466797,147.7067108154297,73.3848648071289
1980-10,,,,127.99614715576172,157.21670532226562,114.75901794433594
1980-11,,,,97.93916320800781,124.79424285888672,68.78795623779297
1980-12,,,,103.21210479736328,135.87673950195312,73.92845153808594
1981-01,,,,111.13887023925781,141.42092895507812,83.6485595703125
1981-02,,,,98.35588836669922,134.68702697753906,68.01659393310547
1981-03,,,,85.73646545410156,109.99925231933594,63.01896667480469
1981-04,,,,106.3973388671875,138.06546020507812,77.65318298339844
1981-05,,,,105.45313262939453,139.1839599609375,80.3336181640625
1981-06,,,,118.5578842163086,181.1050262451172,63.32154083251953
1981-07,,,,86.87128448486328,104.53254699707031,68.57536315917969
1981-08,,,,93.57164001464844,116.92520141601562,75.83308410644531
1981-09,,,,89.85004425048828,118.03626251220703,58.167423248291016
1981-10,,,,89.60053253173828,123.00664520263672,56.8397102355957
1981-11,,,,109.2118148803711,176.85617065429688,44.835357666015625
1981-12,,,,125.28536224365234,199.6157684326172,53.56059646606445
1982-01,,,,112.33251953125,176.23052978515625,49.05120086669922
1982-02,,,,107.06198120117188,147.5006103515625,68.66656494140625
1982-03,,,,123.90110778808594,167.2142333984375,86.4114990234375
1982-04,,,,172.81390380859375,274.43743896484375,83.00252532958984
1982-05,,,,161.01025390625,242.1909637451172,95.9124526977539
1982-06,,,,168.8617706298828,213.53700256347656,134.34178161621094
1982-07,,,,131.4662628173828,169.59544372558594,101.66487884521484
1982-08,,,,105.81861877441406,138.0416717529297,77.36980438232422
1982-09,,,,92.68759155273438,123.84168243408203,60.96778869628906
1982-10,,,,106.7619400024414,135.74534606933594,72.94668579101562
1982-11,,,,104.80567932128906,155.34490966796875,52.88671875
1982-12,,,,101.89381408691406,143.95248413085938,62.9340934753418
1983-01,,,,91.13622283935547,123.3311996459961,58.687782287597656
1983-02,,,,86.43841552734375,110.11212921142578,62.1349983215332
1983-03,,,,84.6499252319336,116.99085235595703,52.86713790893555
1983-04,,,,113.75682067871094,161.44631958007812,65.09870147705078
1983-05,,,,98.6867446899414,142.98028564453125,60.484649658203125
1983-06,,,,99.61585235595703,131.8285369873047,70.0000991821289
1983-07,,,,89.69205474853516,116.71707916259766,64.42173767089844
1983-08,,,,84.07736206054688,103.26457214355469,66.11837005615234
1983-09,,,,126.1341781616211,160.89291381835938,91.41865539550781
1983-10,,,,125.77522277832031,142.19212341308594,114.9732666015625
1983-11,,,,131.7056121826172,166.62071228027344,103.27088928222656
1983-12,,,,114.88968658447266,122.33827209472656,111.86323547363281
1984-01,,,,99.82249450683594,120.296142578125,84.0177993774414
1984-02,,,,87.46898651123047,89.51246643066406,86.84089660644531
1984-03,,,,84.17267608642578,96.83333587646484,77.37875366210938
1984-04,,,,90.04610443115234,97.08857727050781,89.07644653320312
1984-05,,,,94.12640380859375,123.84697723388672,70.76746368408203
1984-06,,,,94.06307220458984,119.09558868408203,72.50129699707031
1984-07,,,,65.32867431640625,79.26742553710938,50.9794807434082
1984-08,,,,71.37344360351562,82.39862823486328,60.14487838745117
1984-09,,,,93.1370620727539,101.11195373535156,84.46023559570312
1984-10,,,,93.22408294677734,109.50909423828125,87.74844360351562
1984-11,,,,92.71788787841797,111.7418441772461,74.2703857421875
1984-12,,,,95.19149780273438,108.51477813720703,81.88088989257812
1985-01,102.17337799072266,107.57417297363281,89.64749145507812,87.15320587158203,101.08314514160156,75.144287109375
1985-02,117.10202026367188,126.4427261352539,96.60166931152344,99.5522689819336,127.21312713623047,75.10356903076172
1985-03,124.77815246582031,127.07085418701172,116.98727416992188,103.82247161865234,131.8114471435547,78.71694946289062
1985-04,87.92900085449219,94.64019775390625,73.75779724121094,74.30415344238281,91.29563903808594,56.713565826416016
1985-05,103.26284790039062,111.15978240966797,92.27672576904297,84.36409759521484,101.91083526611328,73.03491973876953
1985-06,148.78282165527344,134.65670776367188,174.1437530517578,133.50326538085938,156.58505249023438,130.3762969970703
1985-07,133.90542602539062,126.30107879638672,149.5423583984375,114.45590209960938,128.53880310058594,115.16727447509766
1985-08,82.78410339355469,75.26383972167969,84.87953186035156,65.6230239868164,69.08908081054688,61.5634765625
1985-09,102.43449401855469,101.56950378417969,92.48631286621094,84.28641510009766,103.19536590576172,65.11878204345703
1985-10,105.99191284179688,91.34220886230469,118.73129272460938,93.57068634033203,101.9737319946289,90.31834411621094
1985-11,94.84818267822266,98.25837707519531,80.12213897705078,85.8834228515625,105.17568969726562,63.061100006103516
1985-12,96.4211654663086,80.3045654296875,111.21063232421875,80.88300323486328,76.82512664794922,83.4144515991211
1986-01,135.36074829101562,137.66831970214844,166.0226287841797,106.45464324951172,126.04151153564453,116.89703369140625
1986-02,98.75003051757812,84.02117919921875,114.81560516357422,81.32550048828125,83.8671646118164,81.09291076660156
1986-03,98.67667388916016,85.12946319580078,117.56116485595703,84.73036193847656,89.61402130126953,86.78643035888672
1986-04,148.31385803222656,142.49339294433594,182.87278747558594,136.7578582763672,158.0753936767578,147.17581176757812
1986-05,117.38924407958984,126.68498992919922,114.20220947265625,91.70619201660156,120.51639556884766,77.1910171508789
1986-06,96.29425048828125,106.94334411621094,80.0658187866211,76.17398071289062,97.846435546875,56.85545349121094
1986-07,94.70178985595703,99.80805206298828,83.9753189086914,78.52931213378906,99.91121673583984,59.93556213378906
1986-08,103.34593963623047,104.75926971435547,99.84519958496094,83.76042938232422,102.96994018554688,67.41898345947266
1986-09,117.1078872680664,106.35902404785156,126.74607849121094,96.58828735351562,105.95772552490234,93.80267333984375
1986-10,96.79243469238281,109.01692199707031,77.40582275390625,90.36180877685547,122.56193542480469,62.162960052490234
1986-11,109.77281951904297,124.65135192871094,89.47162628173828,95.00690460205078,125.02127838134766,66.47158813476562
1986-12,89.75377655029297,93.46377563476562,78.10250091552734,79.09990692138672,92.5776596069336,64.65413665771484
1987-01,96.94281768798828,90.4955062866211,104.48915100097656,83.18221282958984,90.5403823852539,79.43721771240234
1987-02,100.683349609375,109.72402954101562,89.29598236083984,83.09893035888672,107.59603118896484,66.13538360595703
1987-03,89.60771942138672,105.55125427246094,67.09355163574219,72.18781280517578,101.96662139892578,46.77596664428711
1987-04,113.39408111572266,117.12814331054688,99.12645721435547,96.94609069824219,110.6609878540039,79.36094665527344
1987-05,98.65091705322266,97.37140655517578,95.23518371582031,82.95381164550781,97.07131958007812,69.26936340332031
1987-06,94.18240356445312,99.82925415039062,81.82940673828125,76.2452621459961,96.54841613769531,56.74711608886719
1987-07,98.87196350097656,107.52894592285156,88.26481628417969,82.4146728515625,106.53484344482422,66.6845932006836
1987-08,99.96844482421875,115.48031616210938,87.60133361816406,85.95735168457031,115.61897277832031,67.50395202636719
1987-09,121.16707611083984,143.4519805908203,97.5398178100586,102.23164367675781,143.19129943847656,73.2837905883789
1987-10,101.05858612060547,110.70101928710938,88.82691192626953,81.7320785522461,100.01969909667969,68.30048370361328
1987-11,96.15348815917969,110.79949951171875,75.88374328613281,81.29553985595703,109.65721893310547,57.430328369140625
1987-12,109.85638427734375,124.4972915649414,88.26872253417969,95.86166381835938,130.90516662597656,66.67604064941406
1988-01,83.20153045654297,87.14092254638672,72.89557647705078,72.00155639648438,90.4193344116211,53.729000091552734
1988-02,86.20614624023438,90.18925476074219,73.8230972290039,72.5431900024414,89.6900405883789,54.858978271484375
1988-03,110.20651245117188,105.9420166015625,109.30101776123047,94.23165893554688,107.80209350585938,80.04668426513672
1988-04,119.45051574707031,113.93638610839844,128.48338317871094,98.63134765625,110.72161102294922,90.15068817138672
1988-05,104.87347412109375,106.54883575439453,97.1541748046875,88.93567657470703,105.08457946777344,72.92747497558594
1988-06,79.70812225341797,74.01183319091797,81.0764389038086,64.0826416015625,77.18958282470703,53.11470413208008
1988-07,83.43048095703125,70.79203796386719,96.27418518066406,66.69847869873047,68.11959838867188,67.93272399902344
1988-08,84.05416107177734,73.71106719970703,93.28092193603516,67.89134979248047,69.28499603271484,68.10784912109375
1988-09,74.84265899658203,72.93437957763672,74.3477783203125,63.650970458984375,75.44883728027344,54.267024993896484
1988-10,73.45023345947266,71.80867004394531,65.83024597167969,60.807071685791016,70.20301818847656,47.48143005371094
1988-11,68.79841613769531,55.85908508300781,77.55838012695312,55.074039459228516,57.72361755371094,51.194705963134766
1988-12,90.39871978759766,82.27973937988281,94.38412475585938,69.45197296142578,71.82270050048828,65.8956069946289
1989-01,89.24658966064453,89.09522247314453,82.81503295898438,78.83099365234375,91.14244842529297,64.45787048339844
1989-02,91.6185531616211,88.43746948242188,91.77456665039062,85.9325180053711,99.14350128173828,77.15084075927734
1989-03,87.73377227783203,79.90110778808594,93.08662414550781,75.94684600830078,81.03992462158203,69.2537612915039
1989-04,83.57909393310547,77.83438873291016,84.56328582763672,74.17369079589844,81.78168487548828,65.9770736694336
1989-05,103.82850646972656,116.75053405761719,80.26698303222656,90.97917938232422,121.547119140625,59.8804931640625
1989-06,89.46155548095703,97.67894744873047,68.48663330078125,78.67909240722656,106.402587890625,48.14227294921875
1989-07,84.75310516357422,84.32604217529297,78.8324966430664,74.37169647216797,94.60382080078125,56.76976013183594
1989-08,109.17729187011719,115.9572525024414,115.18624114990234,96.0447769165039,118.78521728515625,90.97276306152344
1989-09,85.54584503173828,79.4195785522461,88.94374084472656,74.32809448242188,85.4963150024414,66.78675842285156
1989-10,69.52467346191406,68.15611267089844,64.53548431396484,59.34564208984375,67.97650146484375,50.953285217285156
1989-11,92.8287124633789,71.7497329711914,112.52256774902344,86.77711486816406,85.29576110839844,88.09237670898438
1989-12,112.55352783203125,101.52501678466797,128.65443420410156,99.57743072509766,108.84461975097656,101.1648941040039
1990-01,81.5440444946289,76.01142120361328,80.72607421875,70.6579818725586,79.0239486694336,60.49032211303711
1990-02,77.40721130371094,81.10881042480469,65.3890380859375,70.49386596679688,88.41514587402344,51.748191833496094
1990-03,67.5919418334961,68.18672180175781,59.72285842895508,61.825965881347656,75.66614532470703,47.25706100463867
1990-04,81.64384460449219,97.97654724121094,54.79267120361328,70.28524780273438,95.01438903808594,43.14644241333008
1990-05,86.40711975097656,97.81657409667969,66.84378051757812,79.50737762451172,109.37700653076172,52.33812713623047
1990-06,79.68110656738281,72.84642028808594,80.65287780761719,69.35211944580078,75.58024597167969,62.13859176635742
1990-07,85.78742980957031,82.36925506591797,81.84713745117188,73.71248626708984,80.58744812011719,65.56682586669922
1990-08,250.45108032226562,353.76312255859375,128.2501983642578,191.88804626464844,314.06024169921875,89.01225280761719
1990-09,188.66053771972656,262.1236267089844,106.9548110961914,143.62493896484375,239.73031616210938,64.97431182861328
1990-10,143.85256958007812,172.9463653564453,105.10758972167969,115.00015258789062,160.04608154296875,75.89403533935547
1990-11,158.74354553222656,201.18106079101562,115.40345764160156,131.2965850830078,185.28086853027344,94.7276840209961
1990-12,153.1624298095703,194.64852905273438,103.18325805664062,128.08114624023438,190.0585174560547,76.8504638671875
1991-01,379.2497863769531,360.0328063964844,479.7158508300781,250.39834594726562,285.0217590332031,273.1324462890625
1991-02,339.3580322265625,253.7916259765625,490.27374267578125,238.83009338378906,223.3858642578125,299.4720458984375
1991-03,148.61831665039062,133.98248291015625,171.39544677734375,122.96369934082031,129.18568420410156,124.76292419433594
1991-04,97.760009765625,100.77496337890625,88.50554656982422,84.39409637451172,103.3010025024414,66.43191528320312
1991-05,88.56902313232422,95.45738983154297,79.06768798828125,77.86150360107422,98.80232238769531,58.03215789794922
1991-06,87.73383331298828,99.7988510131836,69.48858642578125,72.04704284667969,100.40894317626953,47.17399597167969
1991-07,115.18467712402344,144.65106201171875,84.731201171875,95.57931518554688,142.52166748046875,61.91473388671875
1991-08,113.49502563476562,133.4146728515625,87.34529113769531,88.10120391845703,126.35240173339844,57.49895477294922
1991-09,117.94219207763672,154.14364624023438,74.79663848876953,96.6939468383789,154.94622802734375,50.803070068359375
1991-10,100.8318099975586,122.6444320678711,77.95648193359375,88.12837982177734,130.15057373046875,56.268760681152344
1991-11,100.7423324584961,120.3302230834961,77.58206176757812,75.96072387695312,106.53833770751953,51.35063552856445
1991-12,103.96953582763672,135.23251342773438,58.747432708740234,91.3699951171875,141.05003356933594,46.569698333740234
1992-01,102.95763397216797,126.1564712524414,69.45668029785156,85.80904388427734,126.37374114990234,47.45234680175781
1992-02,87.2034683227539,101.0959701538086,62.860504150390625,77.41297149658203,105.27424621582031,48.986507415771484
1992-03,85.29731750488281,107.12957000732422,53.69252014160156,70.10678100585938,102.41216278076172,38.764060974121094
1992-04,85.85562133789062,92.64119720458984,74.40125274658203,80.69824981689453,101.5623779296875,61.526248931884766
1992-05,78.96814727783203,93.08229064941406,56.43539047241211,74.29265594482422,105.5767822265625,43.91175842285156
1992-06,93.84909057617188,124.33613586425781,49.73001480102539,85.2381820678711,134.03565979003906,40.68329620361328
1992-07,75.19676971435547,92.42886352539062,51.642940521240234,70.39669799804688,102.1290283203125,44.147560119628906
1992-08,81.64519500732422,87.55679321289062,70.1595230102539,71.20525360107422,90.1271743774414,53.22038650512695
1992-09,74.6097183227539,92.68926239013672,45.73872375488281,72.06087493896484,104.7946548461914,38.36835861206055
1992-10,68.18277740478516,71.33625793457031,58.99306106567383,60.012916564941406,75.2116470336914,43.83329391479492
1992-11,91.00899505615234,109.6229248046875,68.5569076538086,89.05217742919922,126.36917877197266,57.52783203125
1992-12,83.42096710205078,97.29403686523438,60.88547134399414,75.00589752197266,103.59169006347656,51.50107955932617
1993-01,128.91807556152344,144.89353942871094,114.82777404785156,108.96617889404297,142.94271850585938,85.2231674194336
1993-02,90.46806335449219,105.26100158691406,64.63740539550781,78.24684143066406,103.89018249511719,55.208221435546875
1993-03,94.24144744873047,99.9146728515625,80.28809356689453,80.51728820800781,103.12725830078125,58.69746017456055
1993-04,112.72166442871094,144.0390167236328,72.71391296386719,96.78633880615234,145.80433654785156,58.27690887451172
1993-05,110.72975158691406,137.38629150390625,77.88386535644531,92.49911499023438,137.92994689941406,52.69210433959961
1993-06,104.19525146484375,125.46405029296875,73.33211517333984,86.13467407226562,124.54573059082031,52.099082946777344
1993-07,123.31478881835938,131.75840759277344,107.0821533203125,109.43024444580078,136.2613067626953,84.42073059082031
1993-08,97.2416763305664,97.08562469482422,94.7355728149414,73.85224914550781,91.26459503173828,58.751949310302734
1993-09,89.16477966308594,97.45659637451172,76.93018341064453,81.248291015625,103.06396484375,59.436912536621094
1993-10,106.16590881347656,130.3068084716797,65.22377014160156,92.53211212158203,135.78932189941406,48.199501037597656
1993-11,83.48017883300781,105.1309585571289,51.35593795776367,71.4906005859375,110.71028900146484,32.008628845214844
1993-12,79.55179595947266,97.06568145751953,50.134674072265625,67.78836059570312,99.52022552490234,34.886329650878906
1994-01,83.48997497558594,93.09183502197266,65.27042388916016,70.5134506225586,94.47369384765625,45.734283447265625
1994-02,117.2420654296875,148.14723205566406,76.48810577392578,114.30062866210938,171.9717254638672,64.7425308227539
1994-03,93.47403717041016,98.56234741210938,79.4195327758789,85.84061431884766,111.44174194335938,60.55720520019531
1994-04,95.35697174072266,116.44586181640625,68.70893859863281,84.94855499267578,128.16766357421875,48.68992614746094
1994-05,104.46678924560547,122.97669982910156,73.90620422363281,99.95525360107422,140.65589904785156,62.150413513183594
1994-06,120.35224151611328,148.2960662841797,79.9498519897461,107.44220733642578,155.87689208984375,62.19944381713867
1994-07,99.6402359008789,115.40325927734375,75.47087860107422,95.88887023925781,129.75242614746094,64.31153106689453
1994-08,98.2270278930664,122.92201232910156,66.64015197753906,77.08316802978516,119.4681167602539,40.80686950683594
1994-09,98.89848327636719,131.31796264648438,51.336830139160156,81.29356384277344,130.21478271484375,31.43919563293457
1994-10,94.85363006591797,118.89933776855469,64.50569152832031,82.31258392333984,127.86741638183594,46.41972351074219
1994-11,86.5298080444336,100.79308319091797,70.68946075439453,75.44895935058594,105.95503997802734,56.63222122192383
1994-12,96.04750061035156,107.74173736572266,81.61609649658203,88.57254028320312,119.20941162109375,63.491249084472656
1995-01,80.15467834472656,84.89913940429688,70.47705841064453,67.55069732666016,85.00397491455078,48.068763732910156
1995-02,76.87532806396484,72.59407043457031,77.14599609375,73.6552734375,79.8811264038086,63.85028076171875
1995-03,82.24444580078125,79.15904235839844,79.87528991699219,71.8489990234375,85.81404113769531,57.8342399597168
1995-04,99.19087982177734,93.92303466796875,99.14794158935547,95.97047424316406,99.07167053222656,88.4912338256836
1995-05,87.842529296875,96.40919494628906,79.34961700439453,77.51907348632812,95.60331726074219,63.836124420166016
1995-06,104.60775756835938,121.57904815673828,85.1209487915039,91.79554748535156,127.74786376953125,64.24240112304688
1995-07,107.64541625976562,115.32476806640625,100.19744873046875,93.18329620361328,115.28216552734375,77.29246520996094
1995-08,106.93478393554688,118.4973373413086,100.7674560546875,97.2186050415039,123.76151275634766,87.78960418701172
1995-09,71.20516967773438,72.98401641845703,68.81755065917969,55.59844970703125,66.97010040283203,50.95311737060547
1995-10,67.74150085449219,64.2778091430664,69.12648010253906,52.83597946166992,60.287349700927734,46.99729919433594
1995-11,76.33349609375,78.8126220703125,69.86588287353516,60.75272750854492,74.04551696777344,50.436580657958984
1995-12,65.67205810546875,68.98201751708984,55.363800048828125,63.13649368286133,73.56288146972656,50.36730194091797
1996-01,75.63492584228516,73.66007995605469,79.68246459960938,65.88229370117188,68.99357604980469,68.24526977539062
1996-02,80.4209213256836,85.9759750366211,69.15779113769531,69.67424011230469,94.51337432861328,47.437530517578125
1996-03,82.14761352539062,77.89100646972656,84.08819580078125,67.63689422607422,78.07649993896484,57.58757019042969
1996-04,84.82862091064453,71.23197174072266,98.6463623046875,64.88275909423828,69.41121673583984,65.17570495605469
1996-05,65.53082275390625,59.1929931640625,68.71073913574219,54.011634826660156,56.793174743652344,51.150299072265625
1996-06,69.08858489990234,72.52593231201172,61.67017364501953,53.93003463745117,62.088714599609375,44.97229766845703
1996-07,80.64431762695312,74.90693664550781,85.2721939086914,64.36930847167969,72.94222259521484,62.46123123168945
1996-08,81.6876449584961,81.7337417602539,85.69389343261719,66.05589294433594,79.28919219970703,62.06297302246094
1996-09,88.19697570800781,87.04828643798828,92.83900451660156,77.14295196533203,86.02241516113281,75.9073257446289
1996-10,55.586830139160156,56.879756927490234,49.54435729980469,42.83895492553711,50.46977615356445,34.72861099243164
1996-11,57.34461212158203,58.0576171875,51.038421630859375,49.12797164916992,52.55683517456055,43.19676208496094
1996-12,74.98263549804688,80.17862701416016,66.17648315429688,61.40357971191406,72.47232818603516,51.71571350097656
1997-01,54.062435150146484,53.25782775878906,55.227325439453125,43.276885986328125,51.028778076171875,40.57532501220703
1997-02,50.559940338134766,54.501365661621094,43.509159088134766,38.706016540527344,47.55143737792969,33.11470031738281
1997-03,58.48006057739258,56.36629867553711,59.907318115234375,46.35822296142578,53.82870101928711,39.79692459106445
1997-04,62.844486236572266,62.37605667114258,61.28048324584961,48.406822204589844,56.425079345703125,40.817596435546875
1997-05,53.57601547241211,53.54428482055664,49.572898864746094,44.15480422973633,51.16094207763672,37.83853530883789
1997-06,39.045623779296875,36.68563461303711,38.63948059082031,28.030553817749023,30.311309814453125,25.891977310180664
1997-07,47.69842529296875,47.428409576416016,43.43375015258789,30.98200798034668,34.32810974121094,27.066205978393555
1997-08,48.582298278808594,46.30862808227539,49.42500305175781,37.338600158691406,37.483497619628906,37.687904357910156
1997-09,42.6890869140625,41.63934326171875,41.08793258666992,33.78644561767578,39.10406494140625,27.490203857421875
1997-10,49.746307373046875,58.68946075439453,34.460205078125,37.505462646484375,55.121395111083984,20.399017333984375
1997-11,59.6933708190918,79.03630828857422,32.765533447265625,51.55691146850586,83.46924591064453,23.597644805908203
1997-12,43.998268127441406,48.36233139038086,35.839134216308594,35.97464370727539,46.34067916870117,25.957422256469727
1998-01,53.0963020324707,59.82126998901367,42.487815856933594,37.52287292480469,54.792259216308594,23.899133682250977
1998-02,77.59761810302734,101.84082794189453,45.368019104003906,57.50653839111328,87.78079223632812,33.08538055419922
1998-03,57.24806213378906,65.50199890136719,44.5167121887207,45.866554260253906,60.71548843383789,34.129127502441406
1998-04,50.99658203125,58.76738357543945,38.00284957885742,35.72062683105469,50.37264633178711,22.282567977905273
1998-05,94.4734878540039,129.79888916015625,43.802757263183594,66.73115539550781,107.05386352539062,24.361495971679688
1998-06,76.30907440185547,94.95468139648438,48.77885437011719,59.46931838989258,87.83466339111328,34.30079650878906
1998-07,54.04841613769531,64.22628021240234,38.29932403564453,46.373626708984375,65.72728729248047,31.407920837402344
1998-08,97.02085876464844,83.93855285644531,123.8387451171875,74.23482513427734,76.07035827636719,84.8378677368164
1998-09,62.51344299316406,68.4769515991211,55.129615783691406,51.46828842163086,65.39897918701172,42.07931900024414
1998-10,54.403648376464844,57.89592742919922,48.27804183959961,39.147979736328125,48.26760482788086,32.929405212402344
1998-11,67.96592712402344,88.07134246826172,38.602264404296875,53.11758804321289,78.45161437988281,28.95183563232422
1998-12,75.95989227294922,86.2803955078125,64.999755859375,54.34516143798828,72.61162567138672,43.05889892578125
1999-01,63.98722457885742,69.46121215820312,53.77272033691406,48.8342170715332,67.26822662353516,33.02055358886719
1999-02,58.316383361816406,67.28399658203125,44.1739501953125,39.02248764038086,52.01948165893555,31.239248275756836
1999-03,83.39727783203125,89.73835754394531,75.18807983398438,73.28861999511719,92.05127716064453,61.88166046142578
1999-04,106.19801330566406,112.34139251708984,103.2333755493164,87.20429229736328,103.98776245117188,80.17334747314453
1999-05,85.44113159179688,89.3775634765625,80.67141723632812,71.05026245117188,86.583984375,64.95974731445312
1999-06,79.4105453491211,75.96134948730469,83.76152038574219,62.73693084716797,67.68000793457031,62.09478759765625
1999-07,62.14287185668945,66.83728790283203,54.25792694091797,45.099365234375,56.447776794433594,38.20535659790039
1999-08,62.858642578125,65.2621078491211,57.959991455078125,42.675621032714844,52.61702346801758,33.42105484008789
1999-09,69.58151245117188,75.54266357421875,62.214027404785156,55.73137283325195,72.33987426757812,40.969200134277344
1999-10,72.35348510742188,79.38410949707031,60.16195297241211,57.77337646484375,79.07485961914062,38.541812896728516
1999-11,57.9638671875,60.38698196411133,52.49796676635742,44.12132263183594,55.25191879272461,34.74876403808594
1999-12,86.0849380493164,95.51082611083984,86.46973419189453,70.17583465576172,93.52119445800781,62.21767807006836
2000-01,64.45780944824219,65.57360076904297,64.25041198730469,52.966461181640625,60.84452438354492,49.488826751708984
2000-02,63.54172134399414,57.65135955810547,68.08216857910156,54.46044158935547,58.05655288696289,52.42667007446289
2000-03,50.101985931396484,55.03073501586914,40.81640625,39.38189697265625,52.421207427978516,27.266571044921875
2000-04,48.6827392578125,53.30490493774414,40.91702651977539,39.66014862060547,53.65195083618164,27.073410034179688
2000-05,79.48287963867188,77.26969909667969,83.22781372070312,60.20378875732422,68.13175201416016,56.9351806640625
2000-06,64.71781921386719,73.57466888427734,53.174400329589844,50.006683349609375,68.18408966064453,36.15322494506836
2000-07,51.904022216796875,57.31697463989258,41.059078216552734,39.57530212402344,51.15774154663086,28.24115562438965
2000-08,46.49225616455078,49.192291259765625,41.58592224121094,32.60479736328125,41.72571563720703,26.29494857788086
2000-09,52.689998626708984,64.44499206542969,35.192142486572266,44.66667556762695,65.4648666381836,25.74104881286621
2000-10,76.45652770996094,82.38760375976562,77.61014556884766,58.18268966674805,73.0438232421875,56.48989486694336
2000-11,45.06056213378906,44.357688903808594,47.206809997558594,36.51542282104492,45.45906066894531,34.32572555541992
2000-12,45.39509963989258,46.16897964477539,43.98335266113281,39.06437683105469,43.94100570678711,36.47531509399414
2001-01,46.89955520629883,53.70235824584961,38.343318939208984,38.037513732910156,52.456642150878906,27.86341667175293
2001-02,55.087711334228516,63.68989181518555,45.426673889160156,33.473594665527344,45.43376922607422,23.819656372070312
2001-03,61.708953857421875,66.72218322753906,56.86698913574219,41.961551666259766,49.593021392822266,36.61361312866211
2001-04,50.5687370300293,52.7736701965332,47.17219924926758,38.06903076171875,48.39045333862305,30.09971809387207
2001-05,60.376861572265625,61.344993591308594,56.86418914794922,46.69594955444336,57.5825309753418,39.34968566894531
2001-06,72.06433868408203,79.31310272216797,64.2144775390625,52.237308502197266,66.25941467285156,43.75434112548828
2001-07,61.072940826416016,65.49278259277344,52.618770599365234,50.57548904418945,60.44585418701172,43.047523498535156
2001-08,64.10773468017578,55.23207473754883,74.89220428466797,48.39595031738281,47.33515167236328,52.95274353027344
2001-09,498.64788818359375,260.16961669921875,841.177490234375,289.94012451171875,148.79257202148438,457.505126953125
2001-10,512.5297241210938,261.347412109375,854.074951171875,303.5853271484375,169.74575805664062,469.6302185058594
2001-11,306.785888671875,149.79522705078125,509.7461242675781,215.27442932128906,128.49610900878906,317.59417724609375
2001-12,236.09974670410156,126.19801330566406,381.9725036621094,179.27598571777344,104.610595703125,266.2728271484375
2002-01,172.47720336914062,106.9162368774414,262.2870178222656,131.61851501464844,98.3115005493164,179.29244995117188
2002-02,146.1857147216797,95.78031158447266,212.90550231933594,106.10238647460938,81.2874984741211,137.24136352539062
2002-03,151.9763641357422,99.12334442138672,219.96884155273438,112.14501953125,84.01455688476562,149.977294921875
2002-04,157.49655151367188,100.74444580078125,225.64035034179688,114.56562805175781,81.38323974609375,149.71531677246094
2002-05,163.3223114013672,142.246826171875,209.40878295898438,118.06430053710938,116.04776000976562,137.35855102539062
2002-06,149.33042907714844,127.7907485961914,189.1234893798828,107.94725036621094,105.68304443359375,126.76700592041016
2002-07,122.7783432006836,94.34967803955078,168.41973876953125,90.2196273803711,77.21617889404297,110.068359375
2002-08,127.06451416015625,101.69573974609375,157.46444702148438,88.44149017333984,70.15428924560547,106.0828628540039
2002-09,174.90333557128906,174.5314483642578,188.7191925048828,111.66425323486328,120.15296936035156,119.485595703125
2002-10,172.03192138671875,167.02581787109375,197.39906311035156,119.17052459716797,130.81651306152344,129.59535217285156
2002-11,159.12759399414062,155.0137481689453,179.06283569335938,117.24109649658203,119.98013305664062,126.37348175048828
2002-12,175.8117218017578,182.9995574951172,175.19842529296875,116.26559448242188,128.8794403076172,115.68125915527344
2003-01,206.43460083007812,245.8175506591797,176.95985412597656,136.64382934570312,175.47816467285156,118.89010620117188
2003-02,239.61093139648438,296.7597961425781,213.080322265625,140.88006591796875,189.81378173828125,133.26229858398438
2003-03,358.711181640625,362.41107177734375,429.1441955566406,244.57215881347656,261.77557373046875,293.8319091796875
2003-04,255.77517700195312,212.60545349121094,331.6032409667969,209.3073272705078,192.0057373046875,259.40521240234375
2003-05,162.1218719482422,153.3962860107422,186.8463592529297,131.40335083007812,135.02420043945312,142.07875061035156
2003-06,145.7697296142578,127.83353424072266,176.91827392578125,126.87512969970703,120.65516662597656,151.67095947265625
2003-07,134.89891052246094,108.3927993774414,167.4486541748047,119.35786437988281,107.32038879394531,135.6697235107422
2003-08,138.23092651367188,109.64905548095703,180.0001220703125,112.94558715820312,97.64158630371094,135.6451416015625
2003-09,118.19628143310547,99.72046661376953,143.5571746826172,102.62300109863281,92.08618927001953,119.75096893310547
2003-10,108.3173828125,93.02832794189453,129.9432830810547,94.59689331054688,87.03630065917969,109.88136291503906
2003-11,118.0866928100586,93.33158874511719,153.246337890625,95.3519287109375,73.87686920166016,124.08451080322266
2003-12,129.46507263183594,107.44403839111328,164.98052978515625,109.33299255371094,92.4710464477539,133.3728790283203
2004-01,113.46759033203125,106.71729278564453,126.08518981933594,97.67668151855469,100.0355224609375,107.74198150634766
2004-02,115.07597351074219,104.11482238769531,129.24427795410156,98.95832824707031,95.14733123779297,110.93791198730469
2004-03,138.53207397460938,109.12393951416016,183.70297241210938,105.24771881103516,79.99138641357422,138.1883544921875
2004-04,149.6313934326172,121.14622497558594,205.3251953125,121.12825775146484,113.27528381347656,155.89105224609375
2004-05,121.0911865234375,91.96539306640625,159.94842529296875,105.23765563964844,80.06771850585938,133.3695068359375
2004-06,137.23391723632812,106.79373931884766,178.03662109375,125.61060333251953,102.40097045898438,150.84474182128906
2004-07,131.0198516845703,121.26777648925781,159.81219482421875,121.08712005615234,116.5844955444336,144.47499084472656
2004-08,140.36582946777344,127.44524383544922,176.45431518554688,120.90603637695312,120.70027923583984,147.65283203125
2004-09,153.87161254882812,130.20606994628906,189.355224609375,133.36717224121094,118.14974212646484,159.0099639892578
2004-10,119.86279296875,100.50788116455078,148.24447631835938,105.09821319580078,97.1280746459961,124.75775909423828
2004-11,122.70738983154297,98.92665100097656,151.67926025390625,107.28926086425781,90.14813232421875,127.24423217773438
2004-12,109.89522552490234,81.60477447509766,145.225341796875,86.82955932617188,68.15648651123047,110.17533111572266
2005-01,100.88758850097656,78.19856262207031,128.5348663330078,80.83647918701172,67.51361083984375,98.16559600830078
2005-02,108.97796630859375,104.7703628540039,108.79598236083984,90.26119232177734,92.55689239501953,87.23470306396484
2005-03,90.41048431396484,87.22633361816406,87.87673950195312,72.86202239990234,73.8421630859375,70.51365661621094
2005-04,87.03240203857422,72.53263092041016,102.85391235351562,76.22191619873047,65.15670776367188,89.30506896972656
2005-05,98.20596313476562,89.93269348144531,104.9098892211914,82.1899185180664,80.6526107788086,86.80398559570312
2005-06,81.12405395507812,69.88249969482422,93.41752624511719,71.13101959228516,63.993202209472656,80.95723724365234
2005-07,165.90191650390625,118.1835708618164,237.5650177001953,122.32402038574219,97.03087615966797,160.0957794189453
2005-08,116.2276611328125,92.68307495117188,143.29122924804688,92.7262191772461,85.91667938232422,98.8215103149414
2005-09,103.80766296386719,78.45670318603516,130.27203369140625,82.55351257324219,63.56904602050781,99.43031311035156
2005-10,87.06182861328125,73.18765258789062,105.56188201904297,76.84534454345703,72.24403381347656,86.99534606933594
2005-11,83.48009490966797,70.60446166992188,96.02958679199219,67.83660125732422,63.12067794799805,74.35116577148438
2005-12,95.35025024414062,69.64460754394531,130.6789093017578,86.6675033569336,70.16024780273438,111.39539337158203
2006-01,94.51001739501953,89.32347106933594,100.19158172607422,80.4649658203125,80.44872283935547,85.36585998535156
2006-02,95.85819244384766,89.40576171875,102.79864501953125,77.14988708496094,79.75463104248047,77.12826538085938
2006-03,92.79762268066406,88.04222869873047,97.03602600097656,81.51350402832031,86.60009765625,79.809814453125
2006-04,89.01580047607422,85.9110107421875,92.8307113647461,71.68758392333984,73.78133392333984,72.1805191040039
2006-05,85.20877838134766,84.03312683105469,82.27742767333984,77.79814910888672,85.85005950927734,71.63898468017578
2006-06,102.57276916503906,90.38453674316406,115.67947387695312,83.38941955566406,80.43366241455078,90.82579803466797
2006-07,137.13482666015625,134.39634704589844,142.0860595703125,106.79590606689453,103.53876495361328,116.1914291381836
2006-08,147.08111572265625,141.55645751953125,159.18817138671875,106.37255859375,104.83292388916016,114.5578842163086
2006-09,111.72425842285156,110.28041076660156,114.77066802978516,99.56560516357422,107.89749145507812,96.7176513671875
2006-10,113.13529968261719,125.2918930053711,99.27391815185547,91.6651611328125,113.24961853027344,75.04164123535156
2006-11,88.77892303466797,87.27577209472656,86.71051025390625,75.4869384765625,80.44094848632812,71.1396713256836
2006-12,90.60655975341797,95.78137969970703,78.7696533203125,80.42727661132812,91.4898910522461,69.05955505371094
2007-01,97.9200439453125,95.61344909667969,97.65373992919922,94.14461517333984,103.05052185058594,86.44241333007812
2007-02,96.16935729980469,98.1557388305664,90.95567321777344,88.54644012451172,103.37462615966797,78.76155090332031
2007-03,87.33650207519531,86.1521224975586,83.9186019897461,74.7906723022461,81.01637268066406,70.24240112304688
2007-04,76.6133804321289,69.22551727294922,83.41928100585938,73.93408203125,73.947509765625,74.50470733642578
2007-05,92.5995864868164,82.30323028564453,103.89258575439453,88.0791015625,92.72714233398438,88.43948364257812
2007-06,97.9723129272461,87.08059692382812,109.30941009521484,92.15755462646484,85.79193878173828,100.0208511352539
2007-07,112.34625244140625,103.2634048461914,127.13468170166016,96.17206573486328,102.58563232421875,102.06776428222656
2007-08,83.17320251464844,73.12574005126953,100.14825439453125,70.5976333618164,69.30004119873047,78.10275268554688
2007-09,94.4888687133789,94.93997955322266,92.24872589111328,88.08543395996094,98.92967987060547,83.43923950195312
2007-10,101.47301483154297,103.61026763916016,97.49516296386719,94.4380111694336,107.94639587402344,86.60833740234375
2007-11,89.79544830322266,95.73847961425781,81.56842803955078,76.52487182617188,83.66706848144531,72.09740447998047
2007-12,94.96749114990234,98.5313720703125,84.13076782226562,80.95716094970703,93.90536499023438,67.72456359863281
2008-01,81.49982452392578,76.40237426757812,83.74764251708984,80.7180404663086,84.23912811279297,76.40912628173828
2008-02,80.75146484375,72.52851104736328,86.75279235839844,79.33844757080078,79.11639404296875,83.7891616821289
2008-03,77.63613891601562,72.02967834472656,83.48439025878906,67.8318099975586,64.60928344726562,72.40320587158203
2008-04,71.9048080444336,69.45796966552734,69.99274444580078,68.29821014404297,74.9150161743164,63.85492706298828
2008-05,72.57379913330078,70.67774963378906,74.78978729248047,65.236572265625,68.03836822509766,62.86317825317383
2008-06,87.54842376708984,88.88606262207031,80.34490203857422,70.52720642089844,73.7141342163086,64.36601257324219
2008-07,89.73957061767578,84.3224868774414,88.16068267822266,79.43172454833984,81.17182159423828,78.76972961425781
2008-08,88.55410766601562,75.76971435546875,105.06571197509766,74.76561737060547,68.13623809814453,86.45465850830078
2008-09,88.54255676269531,82.01426696777344,94.46100616455078,77.9458236694336,83.24930572509766,74.56069946289062
2008-10,64.15979766845703,53.11738967895508,75.28266143798828,52.132774353027344,47.140869140625,58.85651397705078
2008-11,79.08097076416016,68.30364990234375,95.14356231689453,63.414886474609375,59.14609909057617,73.3055191040039
2008-12,92.3664321899414,83.84313201904297,109.21497344970703,74.673095703125,77.111083984375,80.4181137084961
2009-01,85.36947631835938,86.31317138671875,89.7125473022461,61.334930419921875,61.62662887573242,66.9563980102539
2009-02,67.45267486572266,64.77291107177734,64.58635711669922,63.04890060424805,66.63021850585938,60.0684814453125
2009-03,72.64462280273438,69.17710876464844,74.83297729492188,56.75257110595703,57.69264602661133,55.87226867675781
2009-04,85.6884994506836,84.48536682128906,83.98128509521484,69.48473358154297,72.76615905761719,70.93378448486328
2009-05,89.68086242675781,86.63702392578125,92.64315032958984,77.43024444580078,80.33184051513672,77.76889038085938
2009-06,81.10958862304688,80.80081939697266,74.5913314819336,71.35688781738281,88.43083953857422,52.98493576049805
2009-07,83.43962097167969,82.10675048828125,80.12088012695312,69.4314956665039,80.06501007080078,59.85445022583008
2009-08,73.37187957763672,64.70917510986328,78.04385375976562,59.94645690917969,58.1181640625,60.46827697753906
2009-09,92.8399887084961,97.492919921875,77.7846450805664,74.60050201416016,83.80548095703125,62.670230865478516
2009-10,90.57640075683594,88.22991180419922,90.4251480102539,81.03946685791016,90.10580444335938,74.10047912597656
2009-11,82.10176086425781,74.31538391113281,85.0097885131836,66.15752410888672,68.18466186523438,64.14824676513672
2009-12,92.94691467285156,89.34334564208984,95.87136840820312,84.39598083496094,89.74026489257812,81.2582778930664
2010-01,91.58102416992188,84.97299194335938,100.41094207763672,78.12442779541016,82.46783447265625,77.8087158203125
2010-02,80.72535705566406,78.84627532958984,80.71173858642578,71.45984649658203,82.13333129882812,63.2755012512207
2010-03,74.116943359375,73.49691009521484,70.03934478759766,58.70956802368164,70.41525268554688,46.29975891113281
2010-04,88.76158142089844,92.05691528320312,81.26840209960938,72.48430633544922,92.49690246582031,49.595664978027344
2010-05,88.95870971679688,87.49411010742188,85.85739135742188,85.67205047607422,95.83749389648438,78.33639526367188
2010-06,96.45369720458984,110.69171905517578,70.9886245727539,95.87101745605469,126.57923126220703,63.396507263183594
2010-07,79.38137817382812,75.18537902832031,84.04823303222656,66.17820739746094,77.6177749633789,60.87516403198242
2010-08,80.99386596679688,71.95153045654297,85.98257446289062,74.39330291748047,79.49711608886719,68.23111724853516
2010-09,71.16854858398438,68.94754028320312,69.29395294189453,63.36677169799805,70.90908813476562,56.64480209350586
2010-10,65.99193572998047,62.0961799621582,76.16891479492188,57.8123893737793,68.852294921875,57.94964599609375
2010-11,94.70516967773438,98.68914794921875,83.2665023803711,82.31559753417969,101.51204681396484,68.53321838378906
2010-12,97.20389556884766,100.3976821899414,91.7621078491211,79.67950439453125,100.45598602294922,66.49949645996094
2011-01,79.42161560058594,76.59356689453125,78.8069839477539,67.25462341308594,77.48814392089844,60.111595153808594
2011-02,90.01448822021484,90.18933868408203,85.48683166503906,70.89757537841797,82.07199096679688,60.2392692565918
2011-03,136.8883056640625,126.96572875976562,157.47984313964844,101.09650421142578,103.04708862304688,113.56056213378906
2011-04,91.01776885986328,72.92317962646484,111.94474029541016,76.11617279052734,73.79472351074219,79.8570556640625
2011-05,105.34491729736328,95.50663757324219,123.82610321044922,90.70134735107422,90.98837280273438,105.33003997802734
2011-06,84.391845703125,71.39112854003906,98.27275848388672,77.34325408935547,77.80805969238281,80.02256774902344
2011-07,78.92475891113281,59.019046783447266,102.11175537109375,68.41374969482422,67.59059143066406,74.18347930908203
2011-08,86.95156860351562,63.504676818847656,112.49906158447266,71.48961639404297,64.12727355957031,80.82416534423828
2011-09,83.35044860839844,70.606689453125,95.26744079589844,72.50403594970703,77.54267120361328,68.25153350830078
2011-10,76.33993530273438,64.18510437011719,92.34331512451172,66.21006774902344,62.932106018066406,75.06031799316406
2011-11,83.15767669677734,95.57453155517578,70.11003875732422,70.88019561767578,91.2081069946289,59.60856628417969
2011-12,85.34132385253906,88.89408111572266,77.47647857666016,75.7466049194336,92.11762237548828,58.51088333129883
2012-01,79.63497161865234,93.6095962524414,62.06843185424805,68.26786804199219,88.86917114257812,55.30718994140625
2012-02,92.4458236694336,104.2074966430664,78.59986114501953,76.55004119873047,95.23210144042969,61.46250915527344
2012-03,88.75997924804688,87.85648345947266,85.85698699951172,74.9962387084961,91.7158432006836,63.663917541503906
2012-04,96.01668548583984,101.92078399658203,86.38436889648438,78.8109130859375,97.2456283569336,64.30831146240234
2012-05,78.17115783691406,80.6348876953125,69.74354553222656,70.23249053955078,86.7757797241211,56.95066833496094
2012-06,77.82243347167969,70.23216247558594,82.17473602294922,61.874813079833984,70.26184844970703,53.51692199707031
2012-07,82.80802154541016,79.33626556396484,91.00080108642578,67.4638671875,80.70030975341797,64.48698425292969
2012-08,74.87835693359375,70.9891586303711,78.11161804199219,68.635986328125,76.49298095703125,65.04531860351562
2012-09,69.28050994873047,68.40282440185547,65.87126159667969,61.441925048828125,71.36067199707031,52.71027374267578
2012-10,81.66366577148438,74.20600891113281,88.03089904785156,69.4249267578125,67.0083999633789,71.35910034179688
2012-11,81.38964080810547,75.65846252441406,89.04841613769531,67.28007507324219,70.20066833496094,70.31145477294922
2012-12,74.83155822753906,66.24052429199219,82.9786148071289,65.62220001220703,64.23847961425781,69.13795471191406
2013-01,90.6574935913086,84.139892578125,108.9493179321289,70.8666000366211,75.17526245117188,78.58229064941406
2013-02,81.59033203125,77.60531616210938,85.65817260742188,72.40581512451172,78.07014465332031,71.62749481201172
2013-03,75.89672088623047,81.89175415039062,69.39681243896484,55.70154571533203,70.43832397460938,46.31492614746094
2013-04,95.10787200927734,99.5219497680664,87.4727554321289,76.689697265625,93.32730865478516,65.075439453125
2013-05,83.71731567382812,75.3292236328125,98.22759246826172,73.34609985351562,77.83963012695312,79.4704360961914
2013-06,82.97300720214844,78.82188415527344,86.63420104980469,71.18392181396484,79.74823760986328,71.47863006591797
2013-07,73.97581481933594,71.55718994140625,72.67587280273438,58.958736419677734,63.296451568603516,56.29523849487305
2013-08,90.95674896240234,80.73957824707031,106.97908782958984,71.75051879882812,73.05620574951172,76.93570709228516
2013-09,100.4593276977539,100.38423156738281,100.16348266601562,85.7788314819336,96.77112579345703,78.24195098876953
2013-10,72.95311737060547,65.50166320800781,78.73002624511719,64.70183563232422,76.10663604736328,57.82467269897461
2013-11,77.77902221679688,92.4988784790039,52.43838119506836,68.73412322998047,99.32805633544922,39.797767639160156
2013-12,70.37248992919922,70.09461212158203,66.79072570800781,70.1871109008789,82.16934967041016,57.130287170410156
2014-01,77.91596984863281,70.48076629638672,83.1458969116211,71.98021697998047,77.751220703125,68.99604034423828
2014-02,69.00352478027344,73.27865600585938,59.08655548095703,63.780696868896484,75.13341522216797,54.9024772644043
2014-03,119.83855438232422,151.67477416992188,74.0618896484375,92.21508026123047,130.47950744628906,60.41014099121094
2014-04,93.22154235839844,113.13993072509766,60.90629959106445,75.93310546875,105.72342681884766,50.582157135009766
2014-05,83.4288558959961,91.6987533569336,76.15043640136719,73.12313079833984,93.50537109375,62.79975128173828
2014-06,98.76710510253906,95.32296752929688,107.18201446533203,82.33184051513672,92.05142974853516,79.13964080810547
2014-07,138.7539520263672,162.71510314941406,118.54683685302734,104.5683364868164,144.64283752441406,85.31122589111328
2014-08,136.44558715820312,158.59349060058594,112.11448669433594,96.06314086914062,123.0923080444336,81.26486206054688
2014-09,131.55665588378906,143.3953857421875,120.78192138671875,104.1304931640625,129.8907012939453,90.85359954833984
2014-10,83.66100311279297,86.33345031738281,77.19393157958984,68.81330108642578,80.53831481933594,59.003299713134766
2014-11,84.38005065917969,88.46994018554688,76.33753204345703,67.82101440429688,89.16688537597656,47.084022521972656
2014-12,86.5262222290039,81.27322387695312,96.23736572265625,69.4857406616211,78.2540283203125,63.68010711669922
2015-01,111.9856948852539,83.50390625,153.33984375,94.4410629272461,91.56072998046875,110.73357391357422
2015-02,111.92469787597656,118.22520446777344,107.79053497314453,98.14318084716797,125.61296081542969,82.12203216552734
2015-03,104.23526763916016,117.48873138427734,83.63285064697266,95.0536117553711,135.94436645507812,61.76321029663086
2015-04,102.19049072265625,110.18872833251953,95.08645629882812,90.0971908569336,117.82003784179688,77.0346908569336
2015-05,76.2623291015625,77.66873168945312,72.86188507080078,67.88858795166016,74.83882141113281,61.91916275024414
2015-06,85.90596771240234,81.06608581542969,88.7894287109375,78.03047943115234,92.7330551147461,69.08781433105469
2015-07,106.80866241455078,120.84297180175781,86.16881561279297,94.75882720947266,124.37621307373047,66.13320922851562
2015-08,82.47853088378906,85.33859252929688,74.0282974243164,83.12367248535156,107.20487976074219,63.763065338134766
2015-09,98.7674560546875,115.88518524169922,79.34535217285156,95.892333984375,132.5057373046875,70.58952331542969
2015-10,91.931884765625,79.726318359375,108.51441955566406,90.87059783935547,87.11663818359375,106.36959075927734
2015-11,150.71588134765625,113.04398345947266,213.99351501464844,119.51046752929688,102.44210052490234,162.048583984375
2015-12,148.23687744140625,115.224365234375,204.6312713623047,131.21058654785156,119.51030731201172,167.4988555908203
2016-01,118.21114349365234,124.23914337158203,109.52909851074219,97.50211334228516,116.34266662597656,90.7303695678711
2016-02,103.74964904785156,91.322021484375,117.58201599121094,84.31517028808594,83.2859878540039,89.14839172363281
2016-03,109.72029113769531,98.02693176269531,127.76814270019531,93.45272827148438,108.57923126220703,87.08402252197266
2016-04,85.22145080566406,80.82244110107422,93.12298583984375,85.37211608886719,93.72856903076172,85.30022430419922
2016-05,88.3324203491211,84.46136474609375,93.63965606689453,77.35427856445312,84.60981750488281,73.39326477050781
2016-06,90.16812896728516,80.51286315917969,100.85737609863281,74.2213134765625,70.72409057617188,80.73233032226562
2016-07,114.6104507446289,97.0980453491211,145.14874267578125,90.43106079101562,82.4276351928711,109.31305694580078
2016-08,98.73848724365234,82.44046783447266,121.45369720458984,79.6497802734375,77.62066650390625,85.16445922851562
2016-09,104.54522705078125,95.48959350585938,121.15049743652344,94.0345458984375,110.1596450805664,92.70452117919922
2016-10,85.74778747558594,79.64808654785156,100.30767822265625,77.68973541259766,72.04550170898438,92.1394271850586
2016-11,82.91875457763672,81.22564697265625,83.97505950927734,71.86234283447266,86.99205017089844,61.44904708862305
2016-12,102.18046569824219,93.9366226196289,113.97946166992188,86.41724395751953,88.75496673583984,91.25838470458984
2017-01,105.20123291015625,108.2770004272461,103.17117309570312,86.76187896728516,105.40645599365234,78.77530670166016
2017-02,114.20635986328125,125.66468048095703,97.15160369873047,98.75232696533203,129.2496795654297,79.05565643310547
2017-03,96.63587951660156,95.83842468261719,95.67454528808594,80.13410949707031,93.50936889648438,76.76181030273438
2017-04,119.45992279052734,127.44654846191406,108.06884002685547,93.11141967773438,114.95816040039062,73.01863861083984
2017-05,102.57996368408203,102.35460662841797,99.70480346679688,78.91045379638672,92.24378967285156,67.16783905029297
2017-06,126.78901672363281,113.16846466064453,146.67166137695312,105.329345703125,120.51963806152344,101.9663314819336
2017-07,102.81346130371094,125.59920501708984,71.9550552368164,86.89119720458984,125.24344635009766,47.87827682495117
2017-08,138.5316162109375,160.02310180664062,108.43595123291016,107.87451171875,144.28076171875,81.94590759277344
2017-09,115.5344467163086,142.1448974609375,84.09626770019531,95.0246810913086,141.50636291503906,62.88578414916992
2017-10,91.4615707397461,109.23060607910156,69.15699768066406,76.09866333007812,111.74105072021484,55.20294189453125
2017-11,92.59601593017578,103.94397735595703,80.11587524414062,61.75968933105469,75.99658203125,59.16064453125
2017-12,82.71825408935547,95.908447265625,62.65747833251953,64.84115600585938,89.80510711669922,48.00348663330078
2018-01,92.42678833007812,107.64431762695312,75.66629028320312,69.34327697753906,85.85794830322266,59.451026916503906
2018-02,64.49137115478516,74.68311309814453,52.002201080322266,58.2115592956543,77.44526672363281,44.597835540771484
2018-03,111.96229553222656,146.9270782470703,64.55758666992188,76.136474609375,105.1296157836914,54.72562026977539
2018-04,123.26347351074219,146.39566040039062,94.30585479736328,76.40165710449219,99.2790756225586,64.75658416748047
2018-05,125.66661834716797,172.21670532226562,63.21790313720703,83.75041961669922,132.51821899414062,44.978424072265625
2018-06,103.96858978271484,137.0244598388672,56.64043426513672,77.22054290771484,113.82598876953125,49.06230545043945
2018-07,110.02842712402344,129.1023406982422,84.4084701538086,68.61534881591797,88.4360122680664,54.57063674926758
2018-08,112.74168395996094,145.11407470703125,68.57559204101562,74.00521850585938,98.90705871582031,55.041969299316406
2018-09,75.05390930175781,88.62364196777344,51.163917541503906,51.753746032714844,64.28712463378906,42.438201904296875
2018-10,92.0164794921875,115.21215057373047,61.150474548339844,60.4942512512207,85.86557006835938,40.09319305419922
2018-11,80.40758514404297,105.16685485839844,47.40216827392578,52.751285552978516,76.5184555053711,33.66919708251953
2018-12,90.607666015625,106.06269836425781,66.24092864990234,63.819053649902344,87.20307159423828,40.38434982299805
2019-01,87.42410278320312,112.98045349121094,55.7335090637207,66.39173889160156,96.9476318359375,42.28634262084961
2019-02,96.80016326904297,127.857421875,57.51169967651367,75.31292724609375,110.84352111816406,43.58412170410156
2019-03,82.32829284667969,90.78959655761719,66.64120483398438,63.71170425415039,79.250244140625,50.612003326416016
2019-04,79.25344848632812,95.45539855957031,57.51552963256836,60.0584602355957,78.46157836914062,43.94972610473633
2019-05,106.4719009399414,134.97251892089844,64.66343688964844,76.11685943603516,113.90157318115234,44.15576171875
2019-06,106.58845520019531,142.6534881591797,53.42063903808594,73.25740051269531,119.31887817382812,34.25661087036133
2019-07,93.52125549316406,126.93077850341797,47.41885757446289,70.43902587890625,118.76647186279297,29.576322555541992
2019-08,103.4044189453125,124.72541809082031,70.09744262695312,94.95689392089844,127.1512680053711,65.90433502197266
2019-09,90.36798858642578,110.8709487915039,67.81023406982422,70.82939147949219,94.95967102050781,56.162078857421875
2019-10,97.83673095703125,121.31104278564453,69.96658325195312,72.86511993408203,106.54328155517578,55.95885467529297
2019-11,73.07838439941406,84.5873031616211,53.03253173828125,64.52574920654297,86.42852020263672,43.04645919799805
2019-12,74.27989196777344,80.11077117919922,63.33135223388672,50.64933395385742,64.90345764160156,41.526458740234375
2020-01,138.4209442138672,190.8443603515625,81.65093994140625,104.52386474609375,163.82655334472656,70.50480651855469
2020-02,75.95555877685547,87.1624526977539,56.68605041503906,62.85643768310547,91.8506851196289,36.46332550048828
2020-03,81.54003143310547,97.09007263183594,62.90298843383789,80.56129455566406,111.69316101074219,49.75274658203125
2020-04,69.33940124511719,81.76082611083984,47.59123229980469,67.53959655761719,102.48999786376953,35.82176208496094
2020-05,68.50721740722656,83.35546112060547,42.29555892944336,75.35385131835938,112.6922378540039,38.50476837158203
2020-06,71.22785949707031,85.86660766601562,49.760887145996094,64.8608627319336,101.927490234375,33.93727111816406
2020-07,66.47328186035156,88.73797607421875,36.25208282470703,61.819679260253906,95.25975036621094,30.589488983154297
2020-08,65.46604919433594,90.00911712646484,28.454627990722656,55.42536544799805,89.04650115966797,21.128803253173828
2020-09,80.37738037109375,101.25764465332031,49.51808166503906,59.53417205810547,87.37933349609375,30.15510368347168
2020-10,76.08316802978516,97.65258026123047,42.68144226074219,54.33878707885742,81.86480712890625,27.81814956665039
2020-11,70.06746673583984,79.03644561767578,62.31394577026367,50.446197509765625,69.7535400390625,38.9868049621582
2020-12,64.06729125976562,86.81527709960938,31.744428634643555,56.59890365600586,88.9603042602539,25.172199249267578
2021-01,77.418701171875,98.47562408447266,48.2874870300293,61.636680603027344,85.58721160888672,41.73809814453125
2021-02,73.95680236816406,94.48355865478516,46.326778411865234,52.29450988769531,81.29417419433594,29.673786163330078
2021-03,78.61876678466797,100.85202026367188,49.41804122924805,53.88631057739258,86.9384765625,27.8076229095459
2021-04,88.16622161865234,109.58695983886719,67.87379455566406,59.975521087646484,86.6009292602539,40.862205505371094
2021-05,93.00713348388672,120.7828369140625,52.62611389160156,70.34014892578125,99.70008850097656,45.370330810546875
2021-06,74.12712097167969,92.54654693603516,46.34864044189453,59.44499588012695,83.05787658691406,37.324222564697266
2021-07,58.42076873779297,64.03631591796875,50.7158317565918,46.87572479248047,55.3615837097168,42.453792572021484
2021-08,89.4865493774414,103.20159149169922,76.48285675048828,59.06315994262695,79.1560287475586,51.76374816894531
2021-09,80.69696807861328,92.04731750488281,67.94027709960938,64.56661987304688,89.3056411743164,49.008323669433594
2021-10,79.02923583984375,93.80802917480469,61.149112701416016,53.48290252685547,72.59243774414062,38.05818557739258
2021-11,86.56914520263672,121.5009536743164,39.74269104003906,52.67679214477539,84.68052673339844,22.426660537719727
2021-12,105.34542083740234,155.3102569580078,47.65493392944336,69.3570785522461,116.3799819946289,39.54661560058594
2022-01,138.67498779296875,199.48751831054688,63.251529693603516,85.09538269042969,137.35614013671875,52.31059646606445
2022-02,216.1590118408203,320.6058654785156,105.21830749511719,120.52434539794922,201.06761169433594,67.1552734375
2022-03,318.9549255371094,403.713623046875,250.9558563232422,167.3444061279297,264.4521789550781,123.54705047607422
2022-04,191.14309692382812,221.91055297851562,184.41781616210938,127.23625946044922,172.5254669189453,115.55024719238281
2022-05,142.25848388671875,166.424560546875,140.13734436035156,99.60482788085938,137.268798828125,92.25898742675781
2022-06,130.7073211669922,160.72695922851562,114.81468963623047,100.10216522216797,151.79486083984375,84.47412872314453
2022-07,117.17676544189453,141.24293518066406,97.83872985839844,97.2652587890625,131.34474182128906,80.33711242675781
2022-08,132.86322021484375,159.38302612304688,111.15857696533203,119.83222198486328,168.90750122070312,97.54368591308594
2022-09,131.98587036132812,170.31179809570312,108.6280746459961,112.98688507080078,179.78091430664062,79.78720092773438
2022-10,143.16241455078125,185.2843017578125,112.6750259399414,129.13845825195312,193.30535888671875,102.52054595947266
2022-11,116.7162857055664,143.0465545654297,98.68260955810547,100.43695831298828,149.16830444335938,84.39598083496094
2022-12,111.19593811035156,119.1385269165039,109.772216796875,95.6675796508789,131.09832763671875,83.45929718017578
2023-01,104.26704406738281,113.02135467529297,94.62993621826172,81.17646026611328,100.73686218261719,74.2690200805664
2023-02,120.99437713623047,147.05015563964844,103.02875518798828,100.30805206298828,143.71742248535156,85.26771545410156
2023-03,105.37997436523438,125.08584594726562,86.75404357910156,95.41343688964844,129.59420776367188,77.89972686767578
2023-04,106.80965423583984,118.16682434082031,93.2484130859375,89.50238800048828,123.8216781616211,73.35025024414062
2023-05,108.46768188476562,122.47150421142578,92.75943756103516,86.6424331665039,109.10337829589844,71.75291442871094
2023-06,110.52894592285156,129.40652465820312,95.2789077758789,100.80218505859375,138.61398315429688,90.577880859375
2023-07,107.44878387451172,123.80915069580078,91.76800537109375,94.53726959228516,129.21710205078125,79.03573608398438
2023-08,101.14118194580078,117.60943603515625,83.60504913330078,74.21984100341797,102.51296997070312,56.07017517089844
2023-09,98.63481140136719,125.65179443359375,68.4659194946289,69.45584869384766,94.77133178710938,57.661869049072266
2023-10,197.8870086669922,205.04005432128906,221.80393981933594,138.62757873535156,167.76121520996094,144.29708862304688
2023-11,156.69613647460938,143.49435424804688,189.5543975830078,138.68270874023438,145.2711181640625,166.36715698242188
2023-12,142.2794647216797,136.1783905029297,173.96380615234375,125.21025085449219,136.24530029296875,148.49839782714844
2024-01,160.3736572265625,140.83609008789062,208.4711456298828,119.98468780517578,127.46756744384766,137.39398193359375
2024-02,146.59817504882812,140.2446746826172,171.18118286132812,109.94950103759766,127.36165618896484,122.77851104736328
2024-03,133.21316528320312,121.53968048095703,151.81399536132812,96.97405242919922,103.33340454101562,104.908203125
2024-04,163.9473419189453,170.697998046875,165.99069213867188,112.007080078125,120.65666961669922,119.7195816040039
2024-05,130.52186584472656,131.44712829589844,133.154296875,107.46190643310547,128.56805419921875,102.50153350830078
2024-06,113.0927963256836,125.71302795410156,109.73841094970703,86.77111053466797,100.23368072509766,89.49873352050781
2024-07,92.3948745727539,95.1602783203125,95.11029815673828,71.84403228759766,79.60328674316406,68.05451965332031
2024-08,140.97506713867188,124.80498504638672,165.17947387695312,105.30271911621094,100.7652587890625,122.45532989501953
2024-09,130.35877990722656,134.03704833984375,135.5546112060547,95.69933319091797,102.59395599365234,100.67550659179688
2024-10,130.689208984375,128.40969848632812,142.81838989257812,90.8945541381836,103.3158950805664,94.78986358642578
2024-11,128.90164184570312,139.14866638183594,127.42887115478516,94.9615707397461,123.34115600585938,88.91343688964844
2024-12,142.36643981933594,128.26246643066406,164.81373596191406,116.5214614868164,113.4325942993164,124.54480743408203
2025-01,113.233154296875,117.08644104003906,109.50493621826172,100.89180755615234,112.78963470458984,99.38928985595703
2025-02,136.9805908203125,138.7676544189453,140.7871551513672,94.50204467773438,107.74768829345703,98.22627258300781
2025-03,175.901123046875,195.67752075195312,159.82244873046875,119.587890625,143.99075317382812,120.6701431274414
2025-04,141.1845245361328,159.26712036132812,132.4676055908203,111.30390167236328,144.30470275878906,106.61988830566406
2025-05,167.0130615234375,205.8100128173828,148.81414794921875,128.92530822753906,188.2931671142578,107.89785766601562
2025-06,222.33692932128906,288.10675048828125,183.281982421875,156.36903381347656,237.55174255371094,122.94505310058594
2025-07,134.23008728027344,156.1194610595703,119.3396224975586,106.21179962158203,136.6365509033203,101.136474609375
2025-08,138.98846435546875,160.41519165039062,121.7310562133789,119.71299743652344,179.55458068847656,92.07735443115234
2025-09,124.12738037109375,139.63558959960938,113.48472595214844,113.94840240478516,161.89453125,91.92085266113281
2025-10,154.31407165527344,167.66224670410156,151.55816650390625,132.37269592285156,165.6575469970703,122.5506591796875
2025-11,104.15531921386719,117.66785430908203,89.12689971923828,90.53384399414062,119.12004852294922,77.97283935546875
2025-12,132.48622131347656,146.3589324951172,123.53462219238281,112.32606506347656,142.1059112548828,99.58580017089844
2026-01,168.0076141357422,219.1377410888672,100.22209930419922,128.0542755126953,198.09530639648438,70.956298828125
2026-02,121.6249008178711,158.19815063476562,82.99718475341797,108.26046752929688,159.0779571533203,74.4797592163086
2026-03,330.17681884765625,319.2039794921875,450.3603515625,252.10411071777344,281.9366455078125,314.0075378417969
2026-04,248.23397827148438,265.87322998046875,305.1354675292969,211.1159210205078,261.3514099121094,241.77084350585938
2026-05,202.11822509765625,232.44528198242188,212.7493133544922,161.20559692382812,214.21434020996094,170.46534729003906
2026-06,177.9998321533203,212.19248962402344,184.13058471679688,173.0384063720703,234.5684051513672,177.75331115722656
2026-07,167.86692810058594,191.2559814453125,180.8005828857422,150.0927276611328,207.9818572998047,156.3650665283203
2026-08,125.62138366699219,138.63320922851562,127.60411834716797,118.30101776123047,157.6103515625,102.51250457763672
2026-09,146.20989990234375,173.0873565673828,144.28797912597656,136.79727172851562,191.68751525878906,135.63307189941406
